player,Age,GP,GS,W,L,T/O,GA,SA,SV,SV%,GAA,SO,GPS,MIN,QS,QS%,RBS,GA%-,GSAA,HEIGHT,HANDED,DRAFTED,GA60,xGA60,GSAx60,SIGNING AGE,LENGTH,SIGNING,CAP HIT,CAP_HIT_%
Jake Allen,28,46,45,19,17,8,121,1277,1156,0.905,2.83,3,6.5,2568,25,0.556,11,105.0,-5.9,188,0,34,2.83,2.66,-0.17,25,4,0,4350000,0.0547169811320754
Frederik Andersen,29,60,60,36,16,7,162,1958,1796,0.917,2.77,1,12.5,3510,38,0.633,7,92.0,14.48,193,0,87,2.77,2.92,0.15,26,5,0,5000000,0.0628930817610062
Jonathan Bernier,30,35,30,9,18,5,98,1025,927,0.904,3.16,1,5.1,1860,13,0.433,5,106.0,-5.61,183,0,11,3.16,3.0,-0.16,29,3,1,3000000,0.0377358490566037
Ben Bishop,32,46,45,27,15,2,87,1323,1236,0.934,1.98,7,10.8,2637,31,0.689,1,73.0,32.24,201,0,85,1.98,2.48,0.5,30,6,1,4916667,0.0618448679245283
Sergei Bobrovsky,30,62,61,37,24,1,153,1756,1603,0.913,2.58,9,10.4,3557,31,0.508,13,97.0,5.27,188,0,300,2.58,2.56,-0.02,26,4,0,7425000,0.0933962264150943
Laurent Brossoit,25,21,19,13,6,2,49,652,603,0.925,2.52,1,4.7,1165,12,0.632,2,83.0,9.77,191,0,164,2.52,3.06,0.53,25,1,1,650000,0.0081761006289308
Pheonix Copley,27,27,24,16,7,3,74,776,702,0.905,2.9,1,3.9,1529,14,0.583,4,106.0,-4.06,193,0,300,2.9,2.89,-0.01,25,2,1,650000,0.0081761006289308
Corey Crawford,34,39,39,14,18,5,108,1176,1068,0.908,2.93,2,6.3,2213,17,0.436,5,102.0,-2.0,188,0,52,2.93,2.94,0.01,29,6,1,6000000,0.0754716981132075
Aaron Dell,29,25,20,10,8,4,70,613,543,0.886,3.17,2,1.9,1323,6,0.3,6,127.0,-14.75,183,0,300,3.17,2.82,-0.36,29,2,1,1900000,0.0238993710691823
Louis Domingue,26,26,26,21,5,0,75,812,737,0.908,2.88,0,4.3,1561,14,0.538,2,102.0,-1.81,191,1,138,2.88,2.56,-0.32,26,2,0,1150000,0.0144654088050314
Devan Dubnyk,32,67,66,31,28,6,163,1877,1714,0.913,2.54,2,11.1,3855,38,0.576,13,96.0,6.18,198,0,14,2.54,2.23,-0.3,29,6,1,4333333,0.0545073333333333
Brian Elliott,33,26,23,11,11,1,69,741,672,0.907,2.96,1,3.9,1397,12,0.522,4,103.0,-2.21,188,0,291,2.96,2.89,-0.07,32,2,1,2750000,0.0345911949685534
Marc-André Fleury,34,61,61,35,21,5,152,1745,1593,0.913,2.51,8,10.3,3635,34,0.557,7,97.0,5.28,188,0,1,2.5,2.62,0.11,30,4,1,5750000,0.0723270440251572
John Gibson,25,58,57,26,22,8,153,1838,1685,0.917,2.84,2,11.6,3233,34,0.596,8,92.0,12.66,188,0,39,2.84,3.3,0.46,22,3,0,2300000,0.0289308176100628
Thomas Greiss,33,43,39,23,14,2,87,1185,1098,0.927,2.28,5,8.7,2294,25,0.641,7,81.0,19.81,188,0,94,2.27,2.62,0.34,31,3,1,3333333,0.041928716981132
Philipp Grubauer,27,37,33,18,9,5,89,1071,982,0.917,2.64,3,6.8,2021,20,0.606,5,92.0,7.53,185,0,112,2.64,2.59,-0.05,26,3,0,3333333,0.041928716981132
Jaroslav Halák,33,40,37,22,11,4,90,1158,1068,0.922,2.34,5,8.0,2308,22,0.595,4,86.0,14.37,180,0,271,2.34,2.6,0.26,33,2,1,2750000,0.0345911949685534
Connor Hellebuyck,25,63,62,34,23,3,179,2051,1872,0.913,2.9,2,12.1,3704,28,0.452,6,97.0,5.86,193,0,130,2.9,2.81,-0.09,25,6,0,6166666,0.0775681257861635
Braden Holtby,29,59,58,32,19,5,160,1795,1635,0.911,2.82,3,10.2,3407,33,0.569,9,99.0,1.79,188,0,93,2.82,2.98,0.16,25,5,0,6100000,0.0767295597484276
Jimmy Howard,34,55,52,23,22,5,156,1709,1553,0.909,3.07,0,9.3,3053,30,0.577,6,101.0,-1.96,185,0,64,3.07,3.09,0.02,29,6,1,5291666,0.0665618364779874
Carter Hutton,33,50,48,18,25,5,142,1541,1399,0.908,3.0,0,8.3,2840,25,0.521,5,102.0,-3.11,183,0,300,3.0,2.71,-0.29,32,3,1,2750000,0.0345911949685534
Chad Johnson,32,19,11,2,11,0,49,406,357,0.879,3.63,1,0.9,811,3,0.273,3,134.0,-12.41,191,0,125,3.63,2.75,-0.88,32,1,1,1750000,0.0220125786163522
Martin Jones,29,62,62,36,19,5,176,1699,1523,0.896,2.94,3,7.0,3597,27,0.435,14,115.0,-22.87,193,0,300,2.94,2.65,-0.29,28,6,1,5750000,0.0723270440251572
Anton Khudobin,32,41,37,16,17,5,95,1232,1137,0.923,2.57,2,8.6,2220,23,0.622,3,86.0,16.04,180,0,206,2.57,2.79,0.22,32,2,1,2500000,0.0314465408805031
Keith Kinkaid,29,41,38,15,18,6,129,1188,1059,0.891,3.36,3,4.3,2302,15,0.395,11,120.0,-21.92,191,0,300,3.36,2.71,-0.66,27,2,1,1250000,0.0157232704402515
Joonas Korpisalo,24,27,21,10,7,3,67,651,584,0.897,2.95,0,2.7,1361,8,0.381,4,114.0,-8.32,191,0,62,2.95,2.53,-0.42,23,2,0,900000,0.0113207547169811
Mikko Koskinen,30,55,51,25,21,6,146,1551,1405,0.906,2.93,4,8.0,2992,24,0.471,8,104.0,-6.21,201,0,31,2.93,2.83,-0.1,29,1,1,2500000,0.0314465408805031
Darcy Kuemper,28,55,55,27,20,8,126,1677,1551,0.925,2.33,5,12.0,3251,36,0.655,6,83.0,25.06,196,0,161,2.33,2.49,0.16,28,2,1,1850000,0.0232704402515723
Robin Lehner,27,46,43,25,13,5,93,1323,1230,0.93,2.13,6,10.2,2616,26,0.605,4,78.0,26.24,193,0,46,2.13,2.57,0.44,26,1,1,1500000,0.0188679245283018
Henrik Lundqvist,36,52,52,18,23,10,158,1699,1541,0.907,3.07,0,9.0,3089,30,0.577,7,103.0,-4.87,185,0,205,3.07,2.93,-0.14,32,7,1,8500000,0.1069182389937107
Jacob Markström,29,60,60,28,23,9,166,1896,1730,0.912,2.77,1,11.1,3599,34,0.567,7,97.0,4.89,198,0,31,2.77,2.82,0.05,27,3,1,3666667,0.0461215974842767
Curtis McElhinney,35,33,33,20,11,2,85,968,883,0.912,2.58,2,5.6,1978,17,0.515,6,97.0,2.25,185,0,176,2.58,2.83,0.25,34,2,1,850000,0.010691823899371
Petr Mrázek,26,40,40,23,14,3,95,1104,1009,0.914,2.39,4,6.6,2387,23,0.575,4,95.0,4.51,185,0,141,2.39,2.5,0.11,26,1,1,1500000,0.0188679245283018
Matt Murray,24,50,50,29,14,6,129,1594,1465,0.919,2.69,4,10.4,2880,29,0.58,10,90.0,14.67,193,0,83,2.69,2.75,0.06,22,3,0,3750000,0.0471698113207547
Antti Niemi,35,17,17,8,6,2,61,539,478,0.887,3.78,0,1.7,969,4,0.235,5,126.0,-12.42,188,0,300,3.78,2.66,-1.12,34,1,1,950000,0.0119496855345911
Anders Nilsson,28,36,34,14,19,1,101,1098,997,0.908,2.97,2,5.9,2040,14,0.412,6,102.0,-2.04,198,0,62,2.97,2.71,-0.26,27,2,1,2500000,0.0314465408805031
Calvin Pickard,26,17,12,4,6,2,48,384,336,0.875,3.86,1,0.7,747,4,0.333,4,139.0,-13.39,185,0,49,3.86,2.92,-0.94,26,1,0,800000,0.010062893081761
Carey Price,31,66,64,35,24,6,161,1952,1791,0.918,2.49,4,12.5,3880,37,0.578,6,92.0,14.94,191,0,5,2.49,2.57,0.08,29,8,1,10500000,0.1320754716981132
Jonathan Quick,33,46,46,16,23,7,149,1329,1180,0.888,3.38,2,4.3,2648,19,0.413,11,124.0,-29.21,185,0,72,3.38,2.79,-0.59,27,10,1,5800000,0.0729559748427673
Antti Raanta,29,12,12,5,6,0,33,351,318,0.906,2.88,0,1.8,687,6,0.5,1,104.0,-1.36,183,0,300,2.88,2.86,-0.02,29,3,1,4250000,0.0534591194968553
Tuukka Rask,31,46,45,27,13,5,109,1245,1136,0.912,2.48,4,7.3,2635,24,0.533,5,97.0,3.21,191,0,21,2.48,2.39,-0.09,26,8,0,7000000,0.0880503144654088
James Reimer,30,36,29,13,12,5,93,929,836,0.9,3.09,0,4.2,1805,10,0.345,6,111.0,-9.27,188,0,99,3.09,2.7,-0.39,28,5,1,3400000,0.0427672955974842
Pekka Rinne,36,56,55,30,19,4,130,1581,1451,0.918,2.42,4,10.1,3220,30,0.545,7,91.0,12.5,196,0,258,2.42,2.6,0.18,29,7,1,7000000,0.0880503144654088
David Rittich,26,45,42,27,9,5,109,1228,1119,0.911,2.61,1,7.0,2503,26,0.619,8,98.0,1.68,191,0,300,2.61,2.62,0.01,25,1,0,800000,0.010062893081761
Juuse Saros,23,31,27,17,10,2,74,870,796,0.915,2.62,3,5.3,1696,14,0.519,6,94.0,4.41,180,0,99,2.62,2.8,0.19,23,3,0,1500000,0.0188679245283018
Cory Schneider,32,26,23,6,13,4,70,718,648,0.903,3.06,1,3.4,1372,10,0.435,5,108.0,-5.29,191,0,26,3.06,2.69,-0.38,29,7,1,6000000,0.0754716981132075
Mike Smith,36,42,40,23,16,2,109,1069,960,0.898,2.72,2,4.6,2400,20,0.5,9,113.0,-12.65,196,0,161,2.72,2.53,-0.2,31,6,1,5666667,0.0712788301886792
Garret Sparks,25,20,17,8,9,1,58,592,534,0.902,3.15,1,2.8,1105,8,0.471,3,109.0,-4.64,191,0,190,3.15,2.63,-0.52,24,2,0,675000,0.0084905660377358
Cam Talbot,31,35,32,11,17,3,108,997,889,0.892,3.4,1,3.6,1906,9,0.281,10,120.0,-18.14,193,0,300,3.4,2.83,-0.57,28,3,1,4166666,0.052410893081761
Linus Ullmark,25,37,34,15,14,5,109,1146,1037,0.905,3.11,2,5.8,2102,18,0.529,6,106.0,-5.71,193,0,163,3.11,2.65,-0.47,23,2,0,750000,0.0094339622641509
Semyon Varlamov,30,49,49,20,19,9,136,1496,1360,0.909,2.87,2,8.2,2839,25,0.51,9,101.0,-1.16,188,0,23,2.87,2.72,-0.16,25,5,0,5900000,0.0742138364779874
Andrei Vasilevskiy,24,53,53,39,10,4,128,1713,1585,0.925,2.4,6,12.4,3204,34,0.642,7,83.0,26.4,191,0,19,2.4,2.55,0.15,21,3,0,3500000,0.0440251572327044
Cam Ward,34,33,29,16,12,4,115,1113,998,0.897,3.67,0,4.6,1882,15,0.517,5,115.0,-14.68,185,0,25,3.67,3.23,-0.44,34,1,1,3000000,0.0377358490566037
Jake Allen,29,24,21,12,6,3,48,655,607,0.927,2.15,2,4.9,1339,14,0.667,2,81.0,11.23,188,0,34,2.15,2.49,0.34,25,4,0,4350000,0.0533742331288343
Frederik Andersen,30,52,52,29,13,7,143,1577,1434,0.909,2.85,3,8.9,3007,27,0.519,8,100.0,-0.4,193,0,87,2.85,2.65,-0.21,26,5,0,5000000,0.0613496932515337
Jonathan Bernier,31,46,41,15,22,3,126,1353,1227,0.907,2.95,1,7.2,2566,17,0.415,5,103.0,-3.66,183,0,11,2.95,2.95,-0.01,29,3,1,3000000,0.0368098159509202
Jordan Binnington,26,50,50,30,13,7,126,1430,1304,0.912,2.56,3,8.4,2948,28,0.56,5,97.0,3.3,185,0,88,2.57,2.63,0.07,25,2,0,4400000,0.0539877300613496
Ben Bishop,33,44,43,21,16,4,103,1286,1183,0.92,2.5,2,8.7,2474,27,0.628,5,89.0,13.28,201,0,85,2.5,2.61,0.11,30,6,1,4916667,0.0603272024539877
Sergei Bobrovsky,31,50,48,23,19,6,151,1505,1354,0.9,3.23,1,6.9,2806,20,0.417,10,111.0,-14.91,188,0,300,3.23,2.93,-0.3,30,7,1,10000000,0.1226993865030674
Laurent Brossoit,26,19,15,6,7,1,54,512,458,0.895,3.28,0,2.1,988,7,0.467,1,117.0,-7.7,191,0,164,3.28,3.06,-0.22,26,1,0,1225000,0.0150306748466257
Jack Campbell,28,26,26,11,12,3,73,761,688,0.904,2.8,0,3.8,1567,11,0.423,4,106.0,-4.19,188,0,11,2.8,2.53,-0.26,26,2,0,675000,0.008282208588957
Corey Crawford,35,40,39,16,20,3,108,1294,1186,0.917,2.77,1,8.3,2340,25,0.641,3,92.0,9.01,188,0,52,2.77,2.94,0.18,29,6,1,6000000,0.0736196319018405
Aaron Dell,30,33,30,12,15,3,92,986,894,0.907,3.01,0,5.3,1834,15,0.5,5,103.0,-2.84,183,0,300,2.98,2.99,0.02,29,2,1,1900000,0.0233128834355828
Thatcher Demko,24,27,25,13,10,2,78,822,744,0.905,3.06,0,4.2,1529,15,0.6,5,105.0,-3.67,193,0,36,3.06,2.96,-0.1,23,2,0,1050000,0.012883435582822
Louis Domingue,27,17,15,3,9,2,51,433,382,0.882,3.81,0,1.2,803,4,0.267,5,130.0,-11.85,191,1,138,3.81,2.84,-0.97,26,2,0,1150000,0.0141104294478527
Devan Dubnyk,33,30,28,12,15,2,93,849,756,0.89,3.35,1,3.1,1665,9,0.321,5,121.0,-16.23,198,0,14,3.35,2.37,-0.99,29,6,1,4333333,0.0531697300613496
Brian Elliott,34,31,27,16,7,4,80,796,716,0.899,2.87,2,3.6,1674,14,0.519,8,111.0,-8.02,188,0,291,2.87,2.65,-0.22,34,1,1,2000000,0.0245398773006134
Marc-André Fleury,35,49,48,27,16,5,133,1399,1266,0.905,2.77,5,7.2,2880,24,0.5,9,105.0,-6.5,188,0,1,2.77,2.5,-0.27,34,3,1,7000000,0.0858895705521472
Pavel Francouz,29,34,30,21,7,4,77,996,919,0.923,2.41,1,7.0,1914,17,0.567,5,85.0,13.06,183,1,300,2.42,2.52,0.11,29,1,1,950000,0.0116564417177914
John Gibson,26,51,51,20,26,5,149,1552,1403,0.904,3.0,1,7.8,2981,22,0.431,10,106.0,-8.66,188,0,39,3.0,2.79,-0.21,25,8,0,6400000,0.0785276073619632
Thomas Greiss,34,31,28,16,9,4,73,838,765,0.913,2.74,0,5.0,1596,15,0.536,5,96.0,2.77,188,0,94,2.75,2.64,-0.1,31,3,1,3333333,0.0408997914110429
Philipp Grubauer,28,36,36,18,12,4,90,1067,977,0.916,2.63,2,6.7,2057,17,0.472,4,93.0,6.48,185,0,112,2.63,2.59,-0.04,26,3,0,3333333,0.0408997914110429
Jaroslav Halák,34,31,29,18,6,6,73,905,832,0.919,2.39,3,6.1,1833,18,0.621,3,89.0,8.83,180,0,271,2.39,2.49,0.1,33,2,1,2750000,0.0337423312883435
Connor Hellebuyck,26,58,56,31,21,5,140,1796,1656,0.922,2.57,6,12.5,3269,36,0.643,6,86.0,22.4,193,0,130,2.57,2.95,0.38,25,6,0,6166666,0.0756646134969325
Braden Holtby,30,48,47,25,14,6,142,1385,1243,0.897,3.11,0,6.0,2743,22,0.468,11,113.0,-16.76,188,0,93,3.11,2.82,-0.29,25,5,0,6100000,0.0748466257668711
Michael Hutchinson,29,16,12,5,9,1,49,439,390,0.888,3.47,1,1.5,847,4,0.333,0,123.0,-9.3,191,1,77,3.47,2.96,-0.51,29,1,1,700000,0.0085889570552147
Carter Hutton,34,31,30,12,14,4,94,918,824,0.898,3.18,2,4.0,1775,14,0.467,7,113.0,-10.99,183,0,300,3.18,2.72,-0.46,32,3,1,2750000,0.0337423312883435
Tristan Jarry,24,33,31,20,12,1,78,985,907,0.921,2.43,3,6.7,1926,19,0.613,3,88.0,11.07,188,0,44,2.43,2.47,0.03,23,2,0,675000,0.008282208588957
Martin Jones,30,41,39,17,21,2,118,1139,1021,0.896,3.0,2,4.8,2360,15,0.385,11,115.0,-15.01,193,0,300,3.0,2.79,-0.21,28,6,1,5750000,0.0705521472392638
Anton Khudobin,33,30,26,16,8,4,62,882,820,0.93,2.22,0,6.9,1677,19,0.731,2,78.0,17.75,180,0,206,2.22,2.43,0.21,32,2,1,2500000,0.0306748466257668
Joonas Korpisalo,25,37,35,19,12,5,92,1030,938,0.911,2.6,2,5.9,2126,21,0.6,5,99.0,1.14,191,0,62,2.6,2.34,-0.26,25,1,0,1150000,0.0141104294478527
Mikko Koskinen,31,38,33,18,13,3,97,1175,1078,0.917,2.75,1,7.6,2117,17,0.515,5,91.0,9.25,201,0,31,2.75,2.93,0.18,30,3,1,4500000,0.0552147239263803
Darcy Kuemper,29,29,29,16,11,2,65,903,838,0.928,2.22,2,6.9,1753,22,0.759,2,80.0,16.65,196,0,161,2.22,2.53,0.31,28,2,1,1850000,0.0226993865030674
Robin Lehner,28,36,34,19,10,5,99,1235,1136,0.92,2.89,1,8.3,2055,19,0.559,4,89.0,12.67,193,0,46,2.89,3.01,0.12,27,1,1,5000000,0.0613496932515337
Henrik Lundqvist,37,30,26,10,12,3,84,883,799,0.905,3.16,1,4.5,1597,13,0.5,4,105.0,-4.16,185,0,205,3.16,3.29,0.13,32,7,1,8500000,0.1042944785276073
Jacob Markström,30,43,43,23,16,4,117,1420,1303,0.918,2.75,2,9.2,2552,25,0.581,5,91.0,11.4,198,0,31,2.75,2.82,0.07,27,3,1,3666667,0.0449897791411042
Petr Mrázek,27,40,38,21,16,2,104,1091,987,0.905,2.69,3,5.6,2321,19,0.5,7,105.0,-5.35,185,0,141,2.69,2.76,0.07,27,2,1,3125000,0.0383435582822085
Matt Murray,25,38,38,20,11,5,107,1055,948,0.899,2.87,1,4.7,2238,16,0.421,8,112.0,-11.6,193,0,83,2.87,2.46,-0.4,22,3,0,3750000,0.0460122699386503
Anders Nilsson,29,20,19,9,9,2,58,628,570,0.908,3.18,0,3.4,1093,11,0.579,5,102.0,-1.21,198,0,62,3.18,2.79,-0.39,29,2,1,2600000,0.0319018404907975
Carey Price,32,58,58,27,25,6,160,1755,1595,0.909,2.79,4,9.8,3440,31,0.534,11,101.0,-1.31,191,0,5,2.79,2.61,-0.18,29,8,1,10500000,0.1288343558282208
Jonathan Quick,34,42,42,16,22,4,117,1224,1107,0.904,2.79,1,6.2,2516,21,0.5,5,106.0,-6.32,185,0,72,2.79,2.6,-0.19,27,10,1,5800000,0.0711656441717791
Antti Raanta,30,33,32,15,14,3,80,1014,934,0.921,2.63,2,7.0,1823,19,0.594,3,87.0,11.69,183,0,300,2.63,2.82,0.19,29,3,1,4250000,0.0521472392638036
Tuukka Rask,32,41,41,26,8,6,85,1189,1104,0.929,2.12,5,9.1,2402,28,0.683,3,79.0,22.51,191,0,21,2.12,2.32,0.19,26,8,0,7000000,0.0858895705521472
James Reimer,31,25,24,14,6,2,61,712,651,0.914,2.66,3,4.4,1378,15,0.625,6,95.0,3.38,188,0,99,2.66,2.98,0.33,28,5,1,3400000,0.0417177914110429
David Rittich,27,48,48,24,17,6,138,1478,1340,0.907,2.97,2,7.9,2792,24,0.5,7,103.0,-4.36,191,0,300,2.97,2.76,-0.21,26,2,0,2750000,0.0337423312883435
Juuse Saros,24,40,34,17,12,4,98,1142,1044,0.914,2.7,4,7.0,2177,21,0.618,3,95.0,5.26,180,0,99,2.7,2.74,0.04,23,3,0,1500000,0.0184049079754601
Cory Schneider,33,13,11,3,6,2,40,355,315,0.887,3.53,1,1.2,679,3,0.273,3,125.0,-7.9,191,0,26,3.53,2.86,-0.67,29,7,1,6000000,0.0736196319018405
Alex Stalock,32,38,36,20,11,4,97,1082,985,0.91,2.67,4,6.2,2177,19,0.528,5,99.0,0.84,183,0,112,2.67,2.23,-0.44,31,3,1,785000,0.0096319018404907
Malcolm Subban,26,21,19,9,7,3,60,546,486,0.89,3.17,0,1.9,1134,7,0.368,7,122.0,-10.63,188,0,24,3.17,2.86,-0.31,25,1,0,850000,0.0104294478527607
Cam Talbot,32,26,22,12,10,1,63,780,717,0.919,2.63,2,5.2,1435,11,0.5,2,89.0,7.53,193,0,300,2.63,2.65,0.01,31,1,1,2750000,0.0337423312883435
Linus Ullmark,26,34,34,17,14,3,91,1066,975,0.915,2.69,1,6.6,2027,19,0.559,2,94.0,5.39,193,0,163,2.69,2.53,-0.16,25,1,0,1325000,0.0162576687116564
Semyon Varlamov,31,45,39,19,14,6,110,1278,1168,0.914,2.62,2,7.8,2517,21,0.538,4,95.0,5.56,188,0,23,2.62,2.66,0.04,31,4,1,5000000,0.0613496932515337
Andrei Vasilevskiy,25,52,52,35,14,3,133,1605,1472,0.917,2.56,3,10.4,3122,31,0.596,7,92.0,12.13,191,0,19,2.56,2.41,-0.14,21,3,0,3500000,0.0429447852760736
Jake Allen,30,29,27,11,12,5,76,817,741,0.907,2.68,0,4.7,1703,12,0.444,2,101.0,-0.73,188,0,34,2.68,2.53,-0.15,25,4,0,4350000,0.0533742331288343
Frederik Andersen,31,24,23,13,8,3,70,668,598,0.895,2.96,0,3.0,1420,9,0.391,6,114.0,-8.46,193,0,87,2.91,2.46,-0.45,26,5,0,5000000,0.0613496932515337
Jonathan Bernier,32,24,23,9,11,1,65,757,692,0.914,2.99,0,5.0,1306,15,0.652,4,93.0,4.74,183,0,11,2.99,3.03,0.04,29,3,1,3000000,0.0368098159509202
Jordan Binnington,27,42,41,18,14,8,108,1200,1092,0.91,2.65,0,7.3,2448,21,0.512,5,98.0,2.56,185,0,88,2.64,2.71,0.07,25,2,0,4400000,0.0539877300613496
Mackenzie Blackwood,24,35,35,14,17,4,106,1081,975,0.902,3.04,1,5.7,2091,18,0.514,10,106.0,-6.41,193,0,42,3.04,2.68,-0.37,23,3,0,2800000,0.0343558282208589
Sergei Bobrovsky,32,31,30,19,8,2,88,935,847,0.906,2.91,0,5.3,1816,16,0.533,4,102.0,-1.86,188,0,300,2.91,2.54,-0.37,30,7,1,10000000,0.1226993865030674
Laurent Brossoit,27,14,11,6,6,0,30,368,338,0.918,2.42,1,2.6,744,7,0.636,0,88.0,3.9,191,0,164,2.42,2.43,0.01,27,1,1,1500000,0.0184049079754601
Jack Campbell,29,22,22,17,3,2,46,585,539,0.921,2.15,2,4.3,1284,13,0.591,2,85.0,7.9,188,0,11,2.11,2.41,0.31,28,2,1,1650000,0.0202453987730061
Thatcher Demko,25,35,35,16,18,1,99,1164,1065,0.915,2.85,1,7.8,2087,19,0.543,3,92.0,8.24,193,0,36,2.89,3.1,0.21,23,2,0,1050000,0.012883435582822
Casey DeSmith,29,20,17,11,7,0,48,543,495,0.912,2.54,2,3.4,1132,9,0.529,2,96.0,2.03,183,0,300,2.54,2.74,0.2,27,3,1,1250000,0.0153374233128834
Devan Dubnyk,34,22,18,6,11,2,63,602,539,0.895,3.2,1,2.7,1183,8,0.444,4,114.0,-7.54,198,0,14,3.2,2.59,-0.61,29,6,1,4333333,0.0531697300613496
Marc-André Fleury,36,36,36,26,10,0,71,989,918,0.928,1.98,6,8.0,2147,26,0.722,3,78.0,20.12,188,0,1,2.04,2.55,0.51,34,3,1,7000000,0.0858895705521472
Anton Forsberg,28,8,8,3,4,1,24,264,240,0.909,3.21,0,1.6,449,6,0.75,1,99.0,0.32,191,0,188,3.21,3.12,-0.09,27,1,1,700000,0.0085889570552147
Alexandar Georgiev,24,19,18,8,7,2,44,465,421,0.905,2.71,2,2.6,974,9,0.5,3,103.0,-1.16,185,0,300,2.71,2.48,-0.23,24,2,0,2425000,0.0297546012269938
John Gibson,27,35,35,9,19,7,101,1042,941,0.903,2.98,3,5.6,2031,15,0.429,7,105.0,-5.0,188,0,39,2.98,2.87,-0.11,25,8,0,6400000,0.0785276073619632
Thomas Greiss,35,34,29,8,15,8,79,894,815,0.912,2.7,2,5.6,1755,17,0.586,4,96.0,3.36,188,0,94,2.7,2.45,-0.25,34,2,1,3600000,0.0441717791411042
Philipp Grubauer,29,40,39,30,9,1,77,993,916,0.922,1.95,7,7.4,2367,26,0.667,5,84.0,14.48,185,0,112,2.0,2.1,0.1,26,3,0,3333333,0.0408997914110429
Connor Hellebuyck,27,45,45,24,17,3,112,1335,1223,0.916,2.58,4,9.1,2603,25,0.556,6,91.0,10.99,193,0,130,2.66,2.94,0.28,25,6,0,6166666,0.0756646134969325
Adin Hill,24,19,17,9,9,1,46,530,484,0.913,2.74,2,3.4,1006,8,0.471,2,94.0,2.83,198,0,76,2.74,2.7,-0.05,24,1,0,800000,0.0098159509202454
Marcus Högberg,26,14,10,4,7,0,40,322,282,0.876,3.74,0,0.8,642,3,0.3,3,135.0,-10.33,196,0,78,3.74,2.6,-1.14,24,2,0,700000,0.0085889570552147
Braden Holtby,31,21,21,7,11,3,77,695,618,0.889,3.67,0,2.7,1260,7,0.333,5,120.0,-12.97,188,0,93,3.34,3.11,-0.23,30,2,1,4300000,0.052760736196319
Ville Husso,25,17,15,9,6,1,49,460,411,0.893,3.21,1,2.0,917,7,0.467,2,116.0,-6.62,188,0,94,3.43,2.71,-0.72,25,2,0,750000,0.00920245398773
Carter Hutton,35,13,12,1,10,1,39,341,302,0.886,3.47,0,1.2,675,6,0.5,4,124.0,-7.58,183,0,300,3.47,2.75,-0.72,32,3,1,2750000,0.0337423312883435
Tristan Jarry,25,39,38,25,9,3,100,1100,1000,0.909,2.75,2,6.6,2185,24,0.632,7,99.0,1.34,188,0,44,2.75,2.47,-0.28,25,3,0,3500000,0.0429447852760736
Martin Jones,31,34,34,15,13,4,102,980,878,0.896,3.28,1,4.5,1868,15,0.441,12,113.0,-11.71,193,0,300,3.28,2.83,-0.45,28,6,1,5750000,0.0705521472392638
Anton Khudobin,34,32,32,12,11,7,76,799,723,0.905,2.54,3,4.4,1795,17,0.531,8,103.0,-2.39,180,0,206,2.54,2.2,-0.34,34,3,1,3333333,0.0408997914110429
Joonas Korpisalo,26,33,31,9,13,7,96,904,808,0.894,3.3,0,3.9,1747,13,0.419,8,115.0,-12.71,191,0,62,3.3,2.67,-0.63,26,2,0,2800000,0.0343558282208589
Mikko Koskinen,32,26,25,13,13,0,76,756,680,0.899,3.17,0,3.8,1438,12,0.48,4,109.0,-6.35,201,0,31,3.14,2.79,-0.34,30,3,1,4500000,0.0552147239263803
Darcy Kuemper,30,27,27,10,11,3,66,710,644,0.907,2.56,2,4.1,1547,15,0.556,3,101.0,-0.59,196,0,161,2.56,2.49,-0.07,30,2,1,4500000,0.0552147239263803
Robin Lehner,29,19,19,13,4,2,44,505,461,0.913,2.29,1,3.2,1155,12,0.632,4,95.0,2.53,193,0,46,2.29,2.55,0.26,28,5,1,5000000,0.0613496932515337
Jacob Markström,31,43,43,22,19,2,111,1161,1050,0.904,2.66,3,6.4,2508,23,0.535,8,104.0,-4.04,198,0,31,2.66,2.39,-0.27,30,6,1,6000000,0.0736196319018405
Petr Mrázek,28,12,12,6,2,3,23,298,275,0.923,2.06,3,2.2,671,7,0.583,1,84.0,4.45,185,0,141,2.06,2.95,0.9,27,2,1,3125000,0.0383435582822085
Matt Murray,26,27,25,10,13,1,79,738,659,0.893,3.38,2,3.1,1404,14,0.56,8,116.0,-11.01,193,0,83,3.38,2.72,-0.66,26,4,0,6250000,0.0766871165644171
Alex Nedeljkovic,25,23,23,15,5,3,44,648,604,0.932,1.9,3,5.5,1392,15,0.652,0,74.0,15.7,183,0,37,1.9,2.46,0.57,23,2,0,737500,0.0090490797546012
Carey Price,33,25,25,12,7,5,65,659,594,0.901,2.64,1,3.4,1479,14,0.56,6,107.0,-4.29,191,0,5,2.64,2.34,-0.3,29,8,1,10500000,0.1288343558282208
Jonathan Quick,35,22,22,11,9,2,58,566,508,0.898,2.86,2,2.7,1219,10,0.455,4,111.0,-5.85,185,0,72,2.86,2.69,-0.16,27,10,1,5800000,0.0711656441717791
Antti Raanta,31,12,11,5,5,2,38,401,363,0.905,3.36,0,2.2,679,6,0.545,2,103.0,-1.06,183,0,300,3.36,3.22,-0.14,29,3,1,4250000,0.0521472392638036
Tuukka Rask,33,24,24,15,5,2,53,611,558,0.913,2.28,2,4.0,1396,16,0.667,5,94.0,3.29,191,0,21,2.27,2.25,-0.02,26,8,0,7000000,0.0858895705521472
James Reimer,32,22,21,15,5,2,59,627,568,0.906,2.66,0,3.6,1331,10,0.476,1,102.0,-1.23,188,0,99,2.66,2.5,-0.16,28,5,1,3400000,0.0417177914110429
David Rittich,28,19,15,5,8,2,46,463,417,0.901,2.86,1,2.4,966,7,0.467,3,108.0,-3.34,191,0,300,2.86,2.46,-0.4,26,2,0,2750000,0.0337423312883435
Juuse Saros,25,36,35,21,11,1,78,1073,995,0.927,2.28,3,8.6,2052,22,0.629,5,79.0,20.86,180,0,99,2.27,2.49,0.21,23,3,0,1500000,0.0184049079754601
Ilya Sorokin,25,22,21,13,6,3,46,563,517,0.918,2.17,3,4.0,1272,15,0.714,3,89.0,5.87,188,0,78,2.17,2.3,0.13,24,1,0,2000000,0.0245398773006134
Anthony Stolarz,27,8,7,4,3,0,17,230,213,0.926,2.2,1,1.8,464,5,0.714,1,80.0,4.19,198,0,45,2.2,2.45,0.25,25,2,1,750000,0.00920245398773
Malcolm Subban,27,16,14,6,8,1,47,471,424,0.9,3.2,2,2.4,881,6,0.429,4,108.0,-3.61,188,0,24,3.2,2.93,-0.27,26,2,1,850000,0.0104294478527607
Cam Talbot,33,33,33,19,8,5,86,1008,922,0.915,2.63,2,6.7,1961,21,0.636,2,93.0,6.87,193,0,300,2.59,2.44,-0.14,32,3,1,3666667,0.0449897791411042
Linus Ullmark,27,20,20,9,6,3,49,591,542,0.917,2.63,0,4.1,1117,11,0.55,0,90.0,5.45,193,0,163,2.63,2.5,-0.13,26,1,0,2600000,0.0319018404907975
Semyon Varlamov,32,36,35,19,11,4,72,1020,948,0.929,2.04,7,8.4,2117,26,0.743,4,77.0,21.97,188,0,23,2.04,2.29,0.25,31,4,1,5000000,0.0613496932515337
Andrei Vasilevskiy,26,42,42,31,10,1,93,1237,1144,0.925,2.21,5,9.6,2524,24,0.571,0,82.0,20.96,191,0,19,2.21,2.51,0.3,25,8,0,9500000,0.1165644171779141
Jake Allen,31,35,35,9,20,4,107,1123,1016,0.905,3.3,2,6.0,1948,18,0.514,8,102.0,-2.55,188,0,34,3.3,3.37,0.07,30,2,1,2875000,0.0352760736196319
Frederik Andersen,32,52,51,35,14,3,111,1431,1320,0.922,2.17,4,10.2,3071,30,0.588,5,83.0,22.09,193,0,87,2.17,2.72,0.55,31,2,1,4500000,0.0552147239263803
Jordan Binnington,28,37,37,18,14,4,112,1135,1023,0.901,3.13,2,5.6,2145,16,0.432,7,106.0,-6.44,185,0,88,3.13,2.85,-0.28,27,6,1,6000000,0.0736196319018405
Mackenzie Blackwood,25,25,24,9,10,4,79,731,652,0.892,3.39,2,2.9,1399,9,0.375,2,116.0,-11.01,193,0,42,3.39,2.74,-0.65,23,3,0,2800000,0.0343558282208589
Sergei Bobrovsky,33,54,53,39,7,3,137,1566,1429,0.913,2.67,3,9.6,3082,33,0.623,6,94.0,8.65,188,0,300,2.67,2.9,0.23,30,7,1,10000000,0.1226993865030674
Laurent Brossoit,28,24,21,10,9,3,62,588,526,0.895,2.9,1,2.5,1281,10,0.476,4,113.0,-7.31,191,0,164,2.9,2.81,-0.09,28,2,1,2325000,0.0285276073619631
Jack Campbell,30,49,47,31,9,6,123,1430,1307,0.914,2.64,5,8.9,2795,28,0.596,10,92.0,10.0,188,0,11,2.64,2.47,-0.17,28,2,1,1650000,0.0202453987730061
Eric Comrie,26,19,16,10,5,1,44,550,506,0.92,2.58,1,3.8,1025,10,0.625,1,86.0,7.15,185,0,59,2.58,3.15,0.58,25,1,1,750000,0.00920245398773
Thatcher Demko,26,64,61,33,22,7,168,1967,1799,0.915,2.72,1,12.4,3701,35,0.574,7,92.0,14.94,193,0,36,2.72,2.83,0.11,25,5,0,5000000,0.0613496932515337
Casey DeSmith,30,26,24,11,6,5,66,769,703,0.914,2.79,3,4.8,1418,12,0.5,4,92.0,5.52,183,0,300,2.79,2.73,-0.06,27,3,1,1250000,0.0153374233128834
Chris Driedger,27,27,24,9,14,1,73,722,649,0.899,2.96,1,3.4,1478,9,0.375,3,109.0,-5.85,193,0,76,2.96,2.78,-0.18,27,3,1,3500000,0.0429447852760736
Marc-André Fleury,37,56,56,28,23,5,159,1732,1573,0.908,2.9,4,9.8,3285,28,0.5,15,99.0,2.09,188,0,1,2.9,2.7,-0.2,34,3,1,7000000,0.0858895705521472
Anton Forsberg,29,46,44,22,17,4,121,1457,1336,0.917,2.82,1,9.6,2571,29,0.659,5,89.0,14.51,191,0,188,2.82,3.1,0.27,28,1,1,900000,0.011042944785276
Pavel Francouz,31,21,18,15,5,1,51,608,557,0.916,2.55,2,3.9,1200,6,0.333,1,90.0,5.55,183,1,300,2.54,2.58,0.03,30,2,1,2000000,0.0245398773006134
Alexandar Georgiev,25,33,28,15,10,2,85,832,747,0.898,2.92,2,3.8,1746,13,0.464,9,110.0,-7.62,185,0,300,2.92,2.74,-0.18,24,2,0,2425000,0.0297546012269938
John Gibson,28,56,56,18,26,11,172,1789,1617,0.904,3.19,1,9.3,3236,28,0.5,11,103.0,-5.61,188,0,39,3.19,3.09,-0.1,25,8,0,6400000,0.0785276073619632
Thomas Greiss,36,31,28,10,15,1,92,842,750,0.891,3.66,0,3.3,1508,14,0.5,7,117.0,-13.69,188,0,94,3.66,3.09,-0.57,34,2,1,3600000,0.0441717791411042
Philipp Grubauer,30,55,54,18,31,5,164,1479,1315,0.889,3.16,2,5.5,3111,18,0.333,10,119.0,-26.44,185,0,112,3.16,2.53,-0.63,29,6,1,5900000,0.0723926380368098
Carter Hart,23,45,44,13,24,7,137,1441,1304,0.905,3.16,1,7.7,2603,21,0.477,6,102.0,-2.98,188,0,48,3.16,3.0,-0.16,22,3,0,3979000,0.0488220858895705
Connor Hellebuyck,28,66,66,29,27,10,193,2155,1962,0.91,2.97,4,12.7,3904,39,0.591,10,96.0,7.43,193,0,130,2.97,3.15,0.19,25,6,0,6166666,0.0756646134969325
Adin Hill,25,25,22,10,11,1,61,648,587,0.906,2.66,2,3.5,1376,12,0.545,4,101.0,-0.73,198,0,76,2.66,2.37,-0.29,25,2,0,2175000,0.0266871165644171
Braden Holtby,32,24,22,10,10,1,61,700,639,0.913,2.78,0,4.3,1318,13,0.591,3,94.0,4.1,188,0,93,2.78,2.74,-0.04,31,1,1,2000000,0.0245398773006134
Ville Husso,26,40,38,25,7,6,100,1236,1136,0.919,2.56,2,8.4,2341,23,0.605,3,87.0,14.96,188,0,94,2.56,2.91,0.34,25,2,0,750000,0.00920245398773
Tristan Jarry,26,58,56,34,18,6,138,1711,1573,0.919,2.42,4,11.6,3415,35,0.625,6,87.0,21.13,188,0,44,2.42,2.56,0.14,25,3,0,3500000,0.0429447852760736
Martin Jones,32,35,33,12,18,3,114,1141,1027,0.9,3.42,0,5.5,1997,15,0.455,3,107.0,-7.88,193,0,300,3.42,3.1,-0.33,31,1,1,2000000,0.0245398773006134
Kaapo Kähkönen,25,36,33,14,14,4,93,1056,963,0.912,2.87,0,6.4,1947,22,0.667,6,95.0,5.21,188,0,109,2.87,2.94,0.07,23,2,0,725000,0.0088957055214723
Joonas Korpisalo,27,22,17,7,11,0,78,634,556,0.877,4.15,0,1.6,1128,5,0.294,6,132.0,-19.03,191,0,62,4.15,3.36,-0.78,26,2,0,2800000,0.0343558282208589
Mikko Koskinen,33,45,43,27,12,4,136,1397,1261,0.903,3.1,1,7.1,2629,19,0.442,7,105.0,-6.07,201,0,31,3.1,3.03,-0.07,30,3,1,4500000,0.0552147239263803
Darcy Kuemper,31,57,57,37,12,4,138,1754,1616,0.921,2.54,5,12.3,3259,32,0.561,7,85.0,25.13,196,0,161,2.54,2.84,0.3,30,2,1,4500000,0.0552147239263803
Kevin Lankinen,26,32,29,8,15,6,106,973,867,0.891,3.5,0,3.8,1816,12,0.414,6,117.0,-15.51,188,0,300,3.5,2.67,-0.83,25,2,0,800000,0.0098159509202454
Robin Lehner,30,44,44,23,17,2,120,1288,1168,0.907,2.83,1,7.1,2547,20,0.455,7,100.0,-0.21,193,0,46,2.83,3.06,0.23,28,5,1,5000000,0.0613496932515337
Jacob Markström,32,63,63,37,15,9,137,1754,1617,0.922,2.22,9,12.4,3696,38,0.603,6,84.0,26.13,198,0,31,2.22,2.48,0.25,30,6,1,6000000,0.0736196319018405
Petr Mrázek,29,20,18,12,6,0,58,520,462,0.888,3.34,0,1.9,1042,6,0.333,4,120.0,-9.64,185,0,141,3.34,2.57,-0.77,29,3,1,3800000,0.0466257668711656
Matt Murray,27,20,20,5,12,2,60,640,580,0.906,3.05,1,3.5,1182,12,0.6,3,101.0,-0.48,193,0,83,3.05,3.17,0.12,26,4,0,6250000,0.0766871165644171
Alex Nedeljkovic,26,59,52,20,24,9,178,1796,1618,0.901,3.31,4,8.8,3231,28,0.538,10,107.0,-10.96,183,0,37,3.31,3.11,-0.2,25,2,0,3000000,0.0368098159509202
Jonathan Quick,36,46,46,23,13,9,116,1284,1168,0.91,2.59,2,7.5,2686,24,0.522,7,97.0,3.42,185,0,72,2.59,2.87,0.28,27,10,1,5800000,0.0711656441717791
Antti Raanta,32,28,26,15,5,4,62,706,644,0.912,2.45,2,4.3,1517,15,0.577,1,94.0,3.66,183,0,300,2.45,2.76,0.31,32,2,1,2000000,0.0245398773006134
James Reimer,33,48,46,19,17,10,129,1450,1321,0.911,2.9,1,8.6,2673,30,0.652,9,96.0,5.86,188,0,99,2.9,3.01,0.11,33,2,1,2250000,0.0276073619631901
David Rittich,29,17,12,6,3,4,49,431,382,0.886,3.57,0,1.5,823,4,0.333,1,122.0,-8.91,191,0,300,3.57,3.02,-0.55,28,1,1,1250000,0.0153374233128834
Ilya Samsonov,24,44,39,23,12,5,119,1145,1026,0.896,3.02,3,5.1,2361,13,0.333,8,112.0,-12.51,191,0,22,3.02,2.75,-0.28,24,1,0,2000000,0.0245398773006134
Juuse Saros,26,67,67,38,25,3,173,2107,1934,0.918,2.64,4,14.0,3932,43,0.642,8,88.0,22.96,180,0,99,2.64,2.84,0.2,26,4,0,5000000,0.0613496932515337
Igor Shesterkin,26,53,52,36,13,4,106,1622,1516,0.935,2.07,6,13.6,3071,38,0.731,4,70.0,44.86,188,0,118,2.06,2.81,0.74,25,4,0,5666667,0.0695296564417178
Ilya Sorokin,26,52,52,26,18,8,123,1643,1520,0.925,2.4,7,12.1,3072,37,0.712,7,80.0,29.81,188,0,78,2.4,2.81,0.41,25,3,0,4000000,0.0490797546012269
Anthony Stolarz,28,28,23,12,8,3,67,809,742,0.917,2.67,3,5.3,1506,15,0.652,2,89.0,8.24,198,0,45,2.67,2.82,0.15,27,2,1,950000,0.0116564417177914
Cam Talbot,34,49,48,32,12,4,132,1488,1356,0.911,2.76,3,8.9,2864,28,0.583,7,95.0,6.39,193,0,300,2.76,2.43,-0.34,32,3,1,3666667,0.0449897791411042
Linus Ullmark,28,41,39,26,10,2,95,1140,1045,0.917,2.45,1,7.4,2330,20,0.513,3,90.0,11.03,193,0,163,2.45,2.39,-0.05,27,4,1,5000000,0.0613496932515337
Semyon Varlamov,33,31,29,10,17,2,87,978,891,0.911,2.91,2,5.8,1792,16,0.552,3,96.0,3.96,188,0,23,2.91,3.02,0.11,31,4,1,5000000,0.0613496932515337
Andrei Vasilevskiy,27,63,63,39,18,5,156,1868,1712,0.916,2.49,2,12.2,3761,39,0.619,7,90.0,17.73,191,0,19,2.49,2.77,0.28,25,8,0,9500000,0.1165644171779141
Jake Allen,32,42,41,15,24,3,145,1335,1190,0.891,3.55,1,5.8,2450,20,0.488,10,113.0,-17.17,188,0,34,3.55,3.49,-0.06,30,2,1,2875000,0.0348484848484848
Frederik Andersen,33,34,33,21,11,1,82,849,767,0.903,2.48,1,4.7,1984,17,0.515,6,101.0,-0.71,193,0,87,2.42,2.45,0.03,31,2,1,4500000,0.0545454545454545
Jordan Binnington,29,61,60,27,27,6,194,1826,1632,0.894,3.31,2,8.4,3516,27,0.45,13,111.0,-19.16,185,0,88,3.39,3.18,-0.2,27,6,1,6000000,0.0727272727272727
Mackenzie Blackwood,26,22,20,10,6,2,60,563,503,0.893,3.2,0,2.6,1126,11,0.55,5,111.0,-6.09,193,0,42,3.1,3.2,0.11,23,3,0,2800000,0.0339393939393939
Sergei Bobrovsky,34,50,49,24,20,3,145,1466,1321,0.901,3.07,1,7.8,2834,30,0.612,10,103.0,-4.63,188,0,300,3.07,3.13,0.06,30,7,1,10000000,0.1212121212121212
Jack Campbell,31,36,34,21,9,4,115,1027,912,0.888,3.41,1,4.1,2026,12,0.353,8,117.0,-16.66,188,0,11,3.48,2.87,-0.61,30,5,1,5000000,0.0606060606060606
Eric Comrie,27,19,19,9,9,1,68,594,526,0.886,3.67,1,2.2,1112,8,0.421,5,120.0,-11.12,185,0,59,3.67,3.26,-0.41,26,2,1,1800000,0.0218181818181818
Pheonix Copley,31,37,35,24,6,3,92,947,855,0.903,2.64,1,5.2,2089,21,0.6,8,101.0,-1.32,193,0,300,2.67,2.81,0.14,30,1,1,825000,0.01
Collin Delia,28,20,18,10,6,2,62,526,464,0.882,3.28,0,1.8,1136,8,0.444,4,123.0,-11.64,188,0,300,3.26,3.17,-0.09,28,1,1,750000,0.009090909090909
Thatcher Demko,27,32,32,14,14,4,99,1005,906,0.901,3.16,1,5.4,1879,14,0.438,6,103.0,-2.77,193,0,36,3.37,2.95,-0.42,25,5,0,5000000,0.0606060606060606
Casey DeSmith,31,38,33,15,16,4,109,1142,1033,0.905,3.17,0,6.5,2066,16,0.485,7,100.0,0.35,183,0,300,3.17,3.41,0.25,30,2,1,1800000,0.0218181818181818
Anton Forsberg,30,28,25,11,11,2,80,817,737,0.902,3.26,2,4.4,1472,12,0.48,6,102.0,-1.77,191,0,188,3.26,3.39,0.13,29,3,1,2750000,0.0333333333333333
Pavel Francouz,32,16,16,8,7,1,42,493,451,0.915,2.61,1,3.3,965,9,0.563,3,89.0,5.2,183,1,300,2.52,2.73,0.19,32,2,1,2000000,0.0242424242424242
Alexandar Georgiev,26,62,62,40,16,6,156,1904,1748,0.918,2.53,5,13.4,3700,41,0.661,6,86.0,26.31,185,0,300,2.54,2.83,0.3,26,3,0,3400000,0.0412121212121212
John Gibson,29,53,52,14,31,8,200,1983,1783,0.899,3.99,1,10.2,3005,25,0.481,13,105.0,-10.13,188,0,39,3.99,3.95,-0.04,25,8,0,6400000,0.0775757575757575
Philipp Grubauer,31,39,36,17,14,4,98,930,832,0.895,2.85,0,4.4,2066,22,0.611,11,110.0,-8.95,185,0,112,3.05,3.12,0.07,29,6,1,5900000,0.0715151515151515
Filip Gustavsson,24,39,37,22,9,7,81,1173,1092,0.931,2.1,3,9.8,2311,27,0.73,4,72.0,31.32,188,0,55,2.0,2.73,0.72,23,2,0,787500,0.0095454545454545
Magnus Hellberg,31,18,14,5,8,1,50,447,397,0.888,3.2,0,1.8,936,6,0.429,2,117.0,-7.2,196,0,38,3.17,3.04,-0.13,31,1,1,750000,0.009090909090909
Connor Hellebuyck,29,64,64,37,25,2,157,1964,1807,0.92,2.49,4,14.3,3778,44,0.688,6,83.0,31.05,193,0,130,2.56,3.02,0.46,25,6,0,6166666,0.0747474666666666
Adin Hill,26,27,25,16,7,1,61,721,660,0.915,2.45,0,4.9,1491,16,0.64,4,88.0,8.04,198,0,76,2.5,2.78,0.28,25,2,0,2175000,0.0263636363636363
Ville Husso,27,56,56,26,22,7,167,1603,1436,0.896,3.11,4,7.7,3220,26,0.464,17,109.0,-13.51,188,0,94,3.02,2.9,-0.11,27,3,1,4750000,0.0575757575757575
Connor Ingram,25,27,26,6,13,8,89,960,871,0.907,3.37,1,5.7,1587,15,0.577,4,97.0,2.92,183,0,88,3.37,3.7,0.33,23,3,0,733333,0.0088888848484848
Tristan Jarry,27,47,47,24,13,7,128,1414,1286,0.909,2.9,2,8.8,2650,27,0.574,5,95.0,7.39,188,0,44,2.93,2.92,-0.01,25,3,0,3500000,0.0424242424242424
Martin Jones,33,48,42,27,13,3,131,1145,1014,0.886,2.99,3,4.3,2626,20,0.476,14,119.0,-21.37,193,0,300,2.99,2.75,-0.25,32,1,1,2000000,0.0242424242424242
Kaapo Kähkönen,26,37,37,9,20,7,135,1149,1014,0.883,3.85,1,4.0,2106,14,0.378,12,123.0,-24.98,188,0,109,3.83,3.19,-0.65,25,2,0,2750000,0.0333333333333333
Joonas Korpisalo,28,39,37,18,14,4,104,1206,1102,0.914,2.87,1,8.0,2172,24,0.649,3,90.0,11.47,191,0,62,2.84,3.41,0.58,28,1,1,1300000,0.0157575757575757
Darcy Kuemper,32,57,56,22,26,7,154,1674,1520,0.908,2.87,5,10.1,3224,28,0.5,7,96.0,6.29,196,0,161,2.79,3.07,0.27,32,5,1,5250000,0.0636363636363636
Kevin Lankinen,27,19,18,9,8,1,49,583,534,0.916,2.75,0,4.0,1069,11,0.611,3,88.0,6.82,188,0,300,2.72,3.19,0.46,27,1,1,1500000,0.0181818181818181
Charlie Lindgren,29,31,26,13,11,3,86,853,767,0.899,3.05,0,4.4,1692,14,0.538,4,105.0,-4.33,185,1,300,3.02,2.86,-0.17,28,3,1,1100000,0.0133333333333333
Jacob Markström,33,59,58,23,21,12,166,1542,1376,0.892,2.92,1,6.9,3411,26,0.448,14,112.0,-18.35,198,0,31,2.98,2.9,-0.07,30,6,1,6000000,0.0727272727272727
Spencer Martin,27,29,27,11,15,1,107,830,723,0.871,3.99,0,1.9,1610,8,0.296,9,135.0,-27.53,191,0,63,3.99,3.15,-0.83,27,2,1,762500,0.0092424242424242
Petr Mrázek,30,39,38,10,22,3,132,1248,1116,0.894,3.66,0,5.8,2165,19,0.5,7,110.0,-12.5,185,0,141,3.63,3.61,-0.02,29,3,1,3800000,0.046060606060606
Matt Murray,28,26,26,14,8,2,74,761,687,0.903,3.01,1,4.2,1473,13,0.5,8,102.0,-1.13,193,0,83,3.01,3.04,0.03,26,4,0,6250000,0.0757575757575757
Alex Nedeljkovic,27,15,13,5,7,2,49,466,417,0.895,3.53,0,2.2,833,5,0.385,2,110.0,-4.38,183,0,37,3.56,3.11,-0.45,25,2,0,3000000,0.0363636363636363
Jake Oettinger,24,62,61,37,11,11,144,1776,1632,0.919,2.37,5,12.7,3645,39,0.639,8,85.0,26.05,193,0,26,2.47,2.79,0.31,23,3,0,4000000,0.0484848484848484
Jonathan Quick,37,41,36,16,15,6,127,1080,953,0.882,3.41,2,3.7,2234,14,0.389,10,123.0,-23.59,185,0,72,3.5,3.05,-0.46,27,10,1,5800000,0.0703030303030303
Antti Raanta,33,27,26,19,3,3,58,644,586,0.91,2.23,4,4.0,1561,13,0.5,5,94.0,3.66,183,0,300,2.22,2.41,0.19,32,2,1,2000000,0.0242424242424242
James Reimer,34,43,41,12,21,8,147,1335,1188,0.89,3.48,3,5.6,2538,18,0.439,11,115.0,-19.17,188,0,99,3.3,3.22,-0.08,33,2,1,2250000,0.0272727272727272
David Rittich,30,21,18,9,8,1,50,506,456,0.901,2.67,0,2.7,1122,8,0.444,2,103.0,-1.55,191,0,300,2.65,2.6,-0.05,29,1,1,900000,0.0109090909090909
Ilya Samsonov,25,42,40,27,10,5,96,1184,1088,0.919,2.33,4,8.5,2476,27,0.675,7,85.0,17.37,191,0,22,2.41,2.87,0.46,25,1,1,1800000,0.0218181818181818
Juuse Saros,27,64,63,33,23,7,171,2099,1928,0.919,2.69,2,14.9,3810,40,0.635,9,85.0,29.98,180,0,99,2.72,3.42,0.69,26,4,0,5000000,0.0606060606060606
Igor Shesterkin,27,58,58,37,13,8,144,1719,1575,0.916,2.48,3,11.8,3489,35,0.603,6,87.0,20.59,188,0,118,2.52,2.93,0.41,25,4,0,5666667,0.0686868727272727
Ilya Sorokin,27,62,60,31,22,7,140,1838,1698,0.924,2.34,6,14.1,3587,42,0.7,8,80.0,35.99,188,0,78,2.4,3.24,0.84,25,3,0,4000000,0.0484848484848484
Alex Stalock,35,27,24,9,15,2,74,804,730,0.908,3.01,2,4.9,1475,13,0.542,2,96.0,2.98,183,0,112,2.96,3.02,0.06,34,1,1,750000,0.009090909090909
Anthony Stolarz,29,19,12,5,6,0,51,494,443,0.897,3.73,0,2.4,820,3,0.25,2,108.0,-3.7,198,0,45,3.73,3.86,0.13,27,2,1,950000,0.0115151515151515
Cam Talbot,35,36,32,17,14,2,95,935,840,0.898,2.93,1,4.7,1947,21,0.656,9,106.0,-5.47,193,0,300,2.89,2.91,0.01,32,3,1,3666667,0.0444444484848484
Daniil Tarasov,23,17,16,4,11,1,57,528,471,0.892,3.91,0,2.3,874,6,0.375,5,113.0,-6.44,191,0,86,3.91,3.39,-0.53,23,3,0,1050000,0.0127272727272727
Linus Ullmark,29,49,48,40,6,1,91,1457,1366,0.938,1.89,2,13.2,2882,43,0.896,1,65.0,48.51,193,0,163,1.91,2.71,0.8,27,4,1,5000000,0.0606060606060606
Semyon Varlamov,34,23,22,11,9,2,60,689,629,0.913,2.7,2,4.5,1335,14,0.636,4,91.0,5.97,188,0,23,2.7,3.03,0.33,31,4,1,5000000,0.0606060606060606
Andrei Vasilevskiy,28,60,60,34,22,4,159,1875,1716,0.915,2.65,4,12.7,3596,35,0.583,11,89.0,20.53,191,0,19,2.57,3.07,0.5,25,8,0,9500000,0.1151515151515151
Karel Vejmelka,26,50,49,18,24,6,168,1670,1502,0.899,3.43,3,8.6,2941,22,0.449,7,105.0,-8.1,191,1,145,3.38,3.56,0.17,26,3,0,2725000,0.033030303030303
Scott Wedgewood,30,21,18,9,8,3,51,603,552,0.915,2.72,1,4.1,1127,13,0.722,1,88.0,6.74,183,0,84,2.92,3.1,0.18,29,2,1,1000000,0.0121212121212121
