Player,Age,Pos,GP,G,A,PTS,+/-,PIM,PS,EV,PP,SH,GW,EV.1,PP.1,SH.1,S,S%,TOI,ATOI,BLK,HIT,FOW,FOL,FO%
Noel Acciari,31.0,C,77,14,9,23,-4,21,1.5,14,0,0,2,7,0,2,102,13.7,1102,859,81,244,337,289,53.8
Calen Addison,22.0,D,62,3,26,29,-17,22,3.2,3,0,0,1,8,18,0,77,3.9,999,967,38,19,0,0,0.0
Sebastian Aho,25.0,F,75,36,31,67,8,42,8.2,26,7,3,9,22,8,1,218,16.5,1462,1170,21,59,531,503,51.4
Nikita Alexandrov,22.0,C,28,3,4,7,0,8,0.5,3,0,0,0,4,0,0,28,10.7,275,589,13,28,53,97,35.3
Alexander Alexeyev,23.0,D,32,0,5,5,-2,4,0.9,0,0,0,0,5,0,0,28,0.0,527,987,48,33,0,0,0.0
Wade Allison,25.0,RW,60,9,6,15,-3,36,1.0,9,0,0,2,6,0,0,89,10.1,774,774,62,190,1,5,16.7
Michael Amadio,26.0,C,67,16,11,27,2,12,2.8,15,1,0,2,10,1,0,99,16.2,818,733,27,56,31,32,49.2
Nils Åman,22.0,C,68,4,12,16,-12,18,-0.1,4,0,0,1,10,0,2,50,8.0,864,762,41,44,181,293,38.2
Joey Anderson,24.0,RW,38,6,3,9,-8,0,0.5,6,0,0,1,3,0,0,41,14.6,445,702,17,36,0,2,0.0
Josh Anderson,28.0,RW,69,21,11,32,-8,72,2.8,16,4,1,5,11,0,0,164,12.8,1170,1018,49,139,19,25,43.2
Michael Anderson,23.0,D,77,5,15,20,20,40,5.2,4,1,0,1,14,0,1,90,5.6,1668,1300,129,162,0,0,0.0
Jaret Anderson-Dolan,23.0,C,46,7,5,12,-11,2,0.6,7,0,0,2,4,1,0,54,13.0,488,637,29,61,23,16,59.0
Rasmus Andersson,26.0,D,79,11,38,49,5,26,8.0,9,1,1,4,17,20,1,159,6.9,1903,1445,136,50,0,0,0.0
Mason Appleton,27.0,C,41,5,11,16,2,8,1.1,4,1,0,0,11,0,0,71,7.0,657,961,11,47,2,8,20.0
Josh Archibald,30.0,RW,62,6,6,12,6,43,0.9,6,0,0,0,6,0,0,71,8.5,619,599,28,195,1,3,25.0
Joel Armia,29.0,RW,43,7,7,14,-7,22,0.7,6,0,1,0,6,1,0,69,10.1,643,897,25,37,3,6,33.3
Viktor Arvidsson,29.0,LW,77,26,33,59,-4,24,5.7,15,10,1,2,18,15,0,228,11.4,1316,1026,48,25,27,40,40.3
Rasmus Asplund,25.0,F,46,2,6,8,-6,4,-0.1,1,0,1,0,6,0,0,54,3.7,504,658,11,23,22,33,40.0
Zach Aston-Reese,28.0,C,77,10,4,14,-6,25,0.7,10,0,0,2,4,0,0,89,11.2,841,656,43,163,7,7,50.0
Andreas Athanasiou,28.0,C,81,20,20,40,-29,34,3.1,17,3,0,4,16,4,0,175,11.4,1296,960,44,43,81,93,46.6
Nicolas Aubé-Kubel,26.0,RW,53,4,8,12,1,40,0.7,4,0,0,0,8,0,0,67,6.0,602,681,9,117,6,8,42.9
Mikael Backlund,33.0,C,82,19,37,56,24,36,5.6,13,5,1,2,27,7,3,260,7.3,1489,1090,31,97,705,681,50.9
Nicklas Bäckström,35.0,C,39,7,14,21,-25,14,0.8,1,6,0,0,9,5,0,59,11.9,658,1013,23,24,259,255,50.4
Kevin Bahl,22.0,D,42,2,6,8,4,35,1.6,2,0,0,0,6,0,0,27,7.4,589,841,38,64,0,0,0.0
Josh Bailey,33.0,C,64,8,17,25,3,2,1.9,8,0,0,2,14,3,0,72,11.1,969,908,31,11,40,56,41.7
Alexander Barabanov,28.0,F,68,15,32,47,-30,20,3.0,12,3,0,2,22,10,0,120,12.5,1228,1083,37,40,1,2,33.3
Ivan Barbashev,27.0,C,82,16,29,45,1,42,3.5,14,2,0,2,25,3,1,126,12.7,1374,1005,46,182,55,89,38.2
Aleksander Barkov,27.0,C,68,23,55,78,10,8,7.3,14,8,1,6,32,22,1,208,11.1,1443,1273,48,52,731,601,54.9
Tyson Barrie,31.0,D,85,13,42,55,-7,36,7.0,9,4,0,1,14,27,1,163,8.0,1681,1187,90,55,0,0,0.0
Justin Barron,21.0,D,39,4,11,15,-2,20,2.2,2,1,1,1,10,1,0,40,10.0,636,978,38,49,0,0,0.0
Morgan Barron,24.0,C,70,8,13,21,4,31,1.5,7,0,1,2,10,1,2,112,7.1,928,795,44,118,13,16,44.8
Mathew Barzal,25.0,C,58,14,37,51,5,22,4.9,10,4,0,5,22,15,0,139,10.1,1086,1123,34,25,104,188,35.6
Nathan Bastian,25.0,RW,43,6,9,15,7,31,1.3,6,0,0,1,9,0,0,62,9.7,535,746,38,99,11,26,29.7
Drake Batherson,24.0,C,82,22,40,62,-35,33,4.7,8,14,0,2,25,15,0,249,8.8,1526,1116,35,115,13,25,34.2
Gavin Bayreuther,28.0,D,51,2,12,14,-18,23,1.2,2,0,0,0,11,1,0,61,3.3,813,957,71,54,0,0,0.0
Ethan Bear,25.0,D,61,3,13,16,6,25,2.9,3,0,0,1,12,0,1,75,4.0,1130,1112,82,39,0,0,0.0
Nathan Beaulieu,30.0,D,52,0,4,4,-23,39,-0.5,0,0,0,0,4,0,0,33,0.0,792,914,80,49,0,0,0.0
Anthony Beauvillier,25.0,LW,82,18,22,40,-10,24,3.0,15,3,0,5,21,1,0,176,10.2,1334,976,30,78,3,10,23.1
Pierre-Édouard Bellemare,37.0,LW,73,4,9,13,-9,34,-0.1,4,0,0,0,7,0,2,51,7.8,824,677,48,67,322,294,52.3
Kieffer Bellows,24.0,LW,28,3,0,3,-8,6,-0.1,3,0,0,1,0,0,0,32,9.4,271,581,10,48,3,15,16.7
Alex Belzile,31.0,F,31,6,8,14,0,13,1.3,6,0,0,0,8,0,0,40,15.0,376,728,22,27,96,109,46.8
Emil Bemström,23.0,C,55,7,15,22,-11,6,1.4,4,3,0,0,12,3,0,95,7.4,666,727,21,16,7,10,41.2
Matthew Beniers,20.0,C,80,24,33,57,14,2,5.8,20,4,0,4,26,6,1,148,16.2,1367,1026,48,79,409,560,42.2
Jamie Benn,33.0,LW,82,33,45,78,23,34,9.5,18,13,2,4,27,17,1,190,17.4,1294,947,38,97,520,345,60.1
Sam Bennett,26.0,C,63,16,24,40,5,54,3.5,12,4,0,3,19,5,0,193,8.3,1097,1044,35,150,425,479,47.0
Matt Benning,28.0,D,77,1,23,24,-18,26,2.7,1,0,0,0,21,1,1,58,1.7,1523,1187,125,102,0,0,0.0
Simon Benoit,24.0,D,78,3,7,10,-29,60,0.7,3,0,0,0,7,0,0,82,3.7,1509,1161,128,216,0,0,0.0
Patrice Bergeron,37.0,C,78,27,31,58,35,22,7.0,16,9,2,7,21,10,0,249,10.8,1357,1044,54,66,1043,663,61.1
Jonatan Berggren,22.0,RW,67,15,13,28,-14,16,2.2,10,5,0,0,9,4,0,98,15.3,902,808,28,20,3,3,50.0
Tim Berni,22.0,D,59,1,2,3,-26,34,-0.3,1,0,0,0,2,0,0,58,1.7,1001,1018,74,122,0,0,0.0
Tyler Bertuzzi,27.0,LW,50,8,22,30,-8,29,2.0,4,4,0,0,16,6,0,107,7.5,824,989,22,54,4,13,23.5
Marcus Björk,25.0,D,33,3,8,11,-9,42,1.4,2,1,0,0,3,5,0,34,8.8,599,1089,47,45,0,0,0.0
Oliver Bjorkstrand,27.0,RW,81,20,25,45,-1,16,3.9,15,5,0,1,20,5,0,198,10.1,1266,937,38,63,18,41,30.5
Nick Bjugstad,30.0,C,78,17,12,29,13,34,2.6,15,1,1,1,12,0,0,145,11.7,1264,972,44,168,530,578,47.8
Colin Blackwell,29.0,C,53,2,8,10,-16,6,-0.2,2,0,0,0,7,0,1,53,3.8,625,708,17,49,18,18,50.0
Sammy Blais,26.0,LW,71,9,16,25,4,30,2.0,9,0,0,1,15,1,0,70,12.9,838,708,35,238,2,5,28.6
Nick Blankenburg,24.0,D,36,4,10,14,-16,16,1.4,4,0,0,1,6,4,0,50,8.0,690,1150,49,61,0,0,0.0
Teddy Blueger,28.0,C,63,4,12,16,-9,30,0.2,4,0,0,1,11,0,1,85,4.7,813,775,47,71,299,276,52.0
Brock Boeser,25.0,RW,74,18,37,55,-20,24,3.9,12,6,0,3,27,10,0,178,10.1,1276,1034,32,49,22,35,38.6
Zach Bogosian,32.0,D,46,1,4,5,-4,42,0.8,1,0,0,0,4,0,0,54,1.9,689,899,50,114,1,0,100.0
Matt Boldy,21.0,LW,81,31,32,63,1,39,6.9,23,8,0,5,14,18,0,255,12.2,1498,1110,26,65,77,64,54.6
Nick Bonino,34.0,C,62,10,9,19,-5,28,1.1,10,0,0,0,8,1,0,91,11.0,987,955,79,19,217,233,48.2
Adam Boqvist,22.0,D,46,5,19,24,-12,8,3.0,5,0,0,1,10,9,0,68,7.4,857,1118,47,23,0,0,0.0
Jesper Boqvist,24.0,C,70,10,11,21,8,2,1.8,10,0,0,2,11,0,0,67,14.9,812,696,20,50,66,133,33.2
William Borgen,26.0,D,82,3,17,20,11,47,3.6,3,0,0,1,17,0,0,76,3.9,1342,982,89,203,0,0,0.0
Robert Bortuzzo,33.0,D,43,2,3,5,9,29,1.6,2,0,0,0,3,0,0,30,6.7,540,754,49,64,0,0,0.0
Evan Bouchard,23.0,D,82,8,32,40,6,28,5.4,6,2,0,2,20,11,1,156,5.1,1518,1111,77,95,0,0,0.0
Travis Boyd,29.0,C,82,15,19,34,-32,26,1.1,13,2,0,3,11,8,0,94,16.0,1355,992,59,39,502,654,43.4
Erik Brännström,23.0,D,74,2,16,18,5,38,3.6,2,0,0,0,15,1,0,74,2.7,1192,967,103,49,0,0,0.0
Derick Brassard,35.0,C,62,13,10,23,3,30,2.5,8,5,0,4,5,5,0,92,14.1,755,731,10,90,143,143,50.0
Jesper Bratt,24.0,W,82,32,41,73,14,6,8.1,24,8,0,3,27,14,0,212,15.1,1424,1042,23,24,0,0,0.0
Justin Braun,35.0,D,51,0,2,2,-1,19,1.0,0,0,0,0,2,0,0,42,0.0,764,899,49,47,0,0,0.0
Philip Broberg,21.0,D,46,1,7,8,6,2,1.4,1,0,0,0,7,0,0,32,3.1,580,756,35,28,0,0,0.0
T.J. Brodie,32.0,D,58,2,12,14,10,14,3.3,2,0,0,0,11,0,1,58,3.4,1231,1273,111,47,0,0,0.0
Jonas Brodin,29.0,D,60,3,11,14,13,30,4.4,3,0,0,0,9,0,2,90,3.3,1372,1372,130,50,0,0,0.0
Josh Brown,29.0,D,68,4,3,7,-18,87,0.6,4,0,0,0,3,0,0,68,5.9,1072,946,118,152,0,0,0.0
Logan Brown,24.0,C,30,2,4,6,-4,8,0.1,2,0,0,0,4,0,0,18,11.1,312,624,7,22,58,110,34.5
Patrick Brown,30.0,C,61,4,8,12,-2,44,0.4,3,0,1,0,8,0,0,60,6.7,694,683,42,167,178,161,52.5
Jacob Bryson,25.0,D,59,1,8,9,-24,8,-0.4,1,0,0,0,7,0,1,27,3.7,861,875,69,34,0,0,0.0
Pavel Buchnevich,27.0,LW,63,26,41,67,14,36,7.3,18,8,0,2,26,13,2,123,21.1,1226,1167,23,54,64,150,29.9
Michael Bunting,27.0,LW,82,23,26,49,21,103,5.5,16,7,0,4,23,3,0,174,13.2,1295,948,18,85,1,1,50.0
André Burakovsky,27.0,LW,49,13,26,39,-9,14,3.2,9,4,0,3,16,10,0,105,12.4,811,993,15,17,0,6,0.0
Brent Burns,37.0,D,82,18,43,61,19,44,11.4,14,4,0,2,24,19,0,255,7.1,1904,1393,86,40,1,0,100.0
Kyle Burroughs,27.0,D,48,2,3,5,-4,62,0.9,2,0,0,0,3,0,0,47,4.3,833,1042,84,165,0,1,0.0
Quinton Byfield,20.0,C,53,3,19,22,13,30,1.6,2,1,0,0,19,0,0,74,4.1,745,844,16,53,51,57,47.2
Bowen Byram,21.0,D,42,10,14,24,7,38,4.5,7,2,1,1,10,4,0,65,15.4,919,1313,54,82,0,0,0.0
Brandon Carlo,26.0,D,75,3,13,16,44,38,6.0,3,0,0,0,11,0,2,94,3.2,1412,1130,116,128,0,0,0.0
John Carlson,33.0,D,40,9,20,29,-7,12,4.2,5,3,1,0,11,9,0,124,7.3,936,1403,87,42,0,0,0.0
Ryan Carpenter,32.0,C,22,1,2,3,-5,10,-0.1,1,0,0,0,2,0,0,17,5.9,202,551,11,35,67,57,54.0
Sam Carrick,30.0,C,52,3,4,7,-17,86,-0.6,3,0,0,0,4,0,0,50,6.0,549,634,24,98,182,187,49.3
Alexandre Carrier,26.0,D,43,2,7,9,0,27,2.0,2,0,0,1,7,0,0,48,4.2,769,1073,67,57,0,0,0.0
William Carrier,28.0,LW,56,16,9,25,15,30,3.3,16,0,0,7,9,0,0,118,13.6,705,755,22,133,1,7,12.5
Jeff Carter,38.0,C,79,13,16,29,-16,30,1.7,9,4,0,2,10,5,1,139,9.4,1083,822,54,80,557,381,59.4
Noah Cates,23.0,LW,82,13,25,38,3,12,2.8,9,3,1,5,19,5,1,107,12.1,1457,1066,65,86,416,638,39.5
Cole Caufield,22.0,RW,46,26,10,36,-10,2,4.2,19,7,0,3,7,3,0,158,16.5,830,1083,12,18,0,0,0.0
Cody Ceci,29.0,D,80,1,14,15,11,24,2.7,1,0,0,0,14,0,0,88,1.1,1611,1208,110,139,0,0,0.0
Erik Černák,25.0,D,70,2,14,16,8,53,3.3,1,0,1,0,13,0,1,87,2.3,1347,1154,100,209,0,0,0.0
Thomas Chabot,26.0,D,68,11,30,41,-11,52,6.1,6,5,0,0,15,15,0,165,6.7,1698,1498,123,79,0,0,0.0
Jalen Chatfield,26.0,D,78,6,8,14,23,35,5.0,5,0,1,2,7,0,1,93,6.5,1102,847,63,78,0,0,0.0
Ben Chiarot,31.0,D,76,5,14,19,-31,51,2.0,5,0,0,0,14,0,0,110,4.5,1566,1237,163,147,0,0,0.0
Yegor Chinakhov,21.0,RW,30,4,9,13,-6,10,0.8,3,1,0,0,8,1,0,44,9.1,398,795,17,27,1,2,33.3
Jake Christiansen,23.0,D,24,0,4,4,-7,4,0.3,0,0,0,0,3,1,0,25,0.0,365,913,23,20,0,0,0.0
Jakob Chychrun,24.0,D,48,9,24,33,7,30,5.4,5,4,0,0,20,4,0,144,6.3,1090,1362,83,55,0,0,0.0
Filip Chytil,23.0,C,74,22,23,45,15,30,5.2,19,3,0,4,21,2,0,177,12.4,1087,881,38,36,251,380,39.8
Anthony Cirelli,25.0,C,58,11,18,29,13,33,2.7,8,1,2,1,17,1,0,111,9.9,961,994,46,34,427,404,51.4
Casey Cizikas,31.0,C,81,6,15,21,0,54,0.8,6,0,0,0,13,0,2,111,5.4,1177,872,58,188,501,438,53.4
Kale Clague,24.0,D,33,0,4,4,-3,24,0.4,0,0,0,0,4,0,0,24,0.0,498,906,24,24,0,0,0.0
Connor Clifton,27.0,D,78,5,18,23,20,60,5.1,4,0,1,0,18,0,0,93,5.4,1393,1071,120,208,0,0,0.0
Cal Clutterbuck,35.0,RW,49,6,6,12,9,30,1.2,6,0,0,1,6,0,0,44,13.6,599,733,33,194,1,4,20.0
Andrew Cogliano,35.0,LW,79,10,9,19,6,44,1.3,10,0,0,0,7,0,2,85,11.8,997,757,54,55,33,37,47.1
Ian Cole,33.0,D,78,3,14,17,13,61,4.0,3,0,0,0,14,0,0,109,2.8,1512,1163,123,117,0,0,0.0
Blake Coleman,31.0,C,82,18,20,38,9,54,3.7,16,0,2,2,20,0,0,188,9.6,1247,912,39,107,20,22,47.6
Ross Colton,26.0,C,81,16,16,32,-8,50,2.6,12,4,0,3,11,5,0,153,10.5,1000,741,28,188,106,83,56.1
J.T. Compher,27.0,LW,82,17,35,52,8,33,4.1,12,5,0,3,26,9,0,154,11.0,1684,1232,82,37,813,852,48.8
Max Comtois,24.0,LW,64,9,10,19,-20,76,0.5,9,0,0,0,8,2,0,89,10.1,884,829,27,81,23,21,52.3
Kyle Connor,26.0,LW,82,31,49,80,-11,20,7.5,23,8,0,8,28,21,0,273,11.4,1683,1232,24,43,2,5,28.6
Andrew Copp,28.0,C,82,9,33,42,2,25,2.7,7,1,1,2,29,4,0,120,7.5,1489,1089,45,32,647,652,49.8
Paul Cotter,23.0,C,55,13,5,18,-5,15,1.6,13,0,0,1,5,0,0,76,17.1,705,770,17,168,11,13,45.8
Nick Cousins,29.0,C,79,9,18,27,-1,38,1.8,9,0,0,2,18,0,0,102,8.8,871,662,36,87,71,73,49.3
Logan Couture,33.0,C,82,27,40,67,-30,19,5.5,21,5,1,4,25,15,0,198,13.6,1569,1148,70,128,640,709,47.4
Charlie Coyle,30.0,C,82,16,29,45,29,30,4.5,15,0,1,0,25,0,4,139,11.5,1393,1019,63,68,536,483,52.6
Dylan Cozens,21.0,C,81,31,37,68,-3,41,7.0,24,5,2,1,23,13,1,211,14.7,1336,990,30,55,567,607,48.3
Sidney Crosby,35.0,C,82,33,60,93,8,52,9.6,24,9,0,9,42,18,0,255,12.9,1652,1209,47,71,978,868,53.0
Lawson Crouse,25.0,LW,77,24,21,45,-3,35,4.1,18,6,0,3,19,2,0,151,15.9,1367,1065,58,194,33,49,40.2
Austin Czarnik,30.0,C,29,3,2,5,-4,8,0.1,3,0,0,0,1,1,0,27,11.1,324,670,13,16,69,91,43.1
Kirby Dach,22.0,C,58,14,24,38,-2,43,3.1,8,6,0,2,12,10,2,107,13.1,1073,1110,38,53,87,140,38.3
Evgenii Dadonov,33.0,RW,73,7,26,33,-8,18,1.8,7,0,0,0,18,8,0,110,6.4,1075,883,43,33,2,6,25.0
Rasmus Dahlin,22.0,D,78,15,58,73,12,92,10.2,9,6,0,2,32,26,0,204,7.4,2012,1548,132,105,0,0,0.0
Phillip Danault,29.0,C,82,18,36,54,-8,63,4.0,15,3,0,1,17,17,2,152,11.8,1503,1100,75,81,692,581,54.4
Laurent Dauphin,27.0,C,21,1,0,1,-4,10,-0.3,1,0,0,0,0,0,0,25,4.0,220,628,10,17,84,73,53.5
Calvin de Haan,31.0,D,53,2,10,12,7,20,2.8,2,0,0,0,10,0,0,51,3.9,717,812,49,84,0,0,0.0
Anthony DeAngelo,27.0,D,70,11,31,42,-27,73,4.9,7,4,0,1,16,15,0,174,6.3,1544,1324,79,52,0,0,0.0
Alex DeBrincat,25.0,RW,82,27,39,66,-31,45,5.6,16,11,0,6,20,19,0,263,10.3,1559,1140,38,109,10,9,52.6
Jake DeBrusk,26.0,LW,64,27,23,50,26,16,6.4,21,6,0,6,14,8,1,191,14.1,1074,1007,22,85,4,11,26.7
Ty Dellandrea,22.0,C,82,9,19,28,9,54,2.0,9,0,0,2,16,0,3,92,9.8,1164,852,39,125,102,99,50.7
Dylan DeMelo,29.0,D,75,6,21,27,10,50,5.8,5,0,1,1,19,0,2,93,6.5,1467,1174,102,120,0,0,0.0
Vincent Desharnais,26.0,D,36,0,5,5,15,31,1.7,0,0,0,0,4,0,1,17,0.0,488,813,48,45,0,0,0.0
Nicolas Deslauriers,31.0,LW,80,6,6,12,-11,136,0.1,5,0,1,0,6,0,0,70,8.6,808,606,26,306,3,8,27.3
Connor Dewar,23.0,C,81,6,12,18,-5,50,0.8,3,0,3,0,11,0,1,87,6.9,888,658,50,124,222,281,44.1
Phillip Di Giuseppe,29.0,LW,30,6,6,12,-1,14,0.9,6,0,0,0,4,1,1,71,8.5,437,874,10,52,1,3,25.0
Jason Dickinson,27.0,C,78,9,21,30,-29,28,1.1,8,1,0,1,17,0,4,114,7.9,1243,956,80,112,368,403,47.7
Brenden Dillon,32.0,D,82,2,21,23,2,76,4.7,2,0,0,0,20,0,1,83,2.4,1606,1175,108,198,0,0,0.0
Noah Dobson,23.0,D,78,13,36,49,4,20,8.0,8,5,0,2,22,14,0,206,6.3,1590,1223,104,60,0,0,0.0
Max Domi,27.0,LW,80,20,36,56,-15,82,4.9,12,8,0,4,25,11,0,179,11.2,1422,1066,24,22,510,440,53.7
Ryan Donato,26.0,C,71,14,13,27,16,46,3.0,14,0,0,0,11,2,0,122,11.5,799,675,12,69,62,85,42.2
Drew Doughty,33.0,D,81,9,43,52,12,34,8.5,5,4,0,2,20,23,0,145,6.2,2125,1574,104,115,0,0,0.0
Nic Dowd,32.0,C,65,13,12,25,6,26,2.6,13,0,0,3,11,0,1,62,21.0,868,801,61,136,433,419,50.8
Leon Draisaitl,27.0,C,80,52,76,128,7,24,14.2,19,32,1,11,45,30,1,247,21.1,1739,1304,40,66,807,663,54.9
Sheldon Dries,28.0,C,63,11,6,17,-9,29,1.0,6,4,1,0,5,1,0,94,11.7,726,692,40,84,235,236,49.9
Jonathan Drouin,27.0,LW,58,2,27,29,-18,18,0.9,2,0,0,0,18,9,0,69,2.9,865,894,23,29,169,211,44.5
Jack Drury,22.0,C,38,2,6,8,3,14,0.5,2,0,0,1,5,1,0,69,2.9,410,647,16,12,67,59,53.2
Dillon Dubé,24.0,C,82,18,27,45,-6,47,3.8,15,1,2,3,24,3,0,151,11.9,1243,910,21,136,45,55,45.0
Pierre-Luc Dubois,24.0,LW,73,27,36,63,5,77,6.6,16,11,0,1,24,12,0,205,13.2,1347,1107,47,71,483,505,48.9
Matt Duchene,32.0,C,71,22,34,56,4,32,5.7,17,5,0,3,26,8,0,168,13.1,1301,1099,32,27,137,122,52.9
Walker Duehr,25.0,F,27,7,4,11,0,4,1.3,7,0,0,2,4,0,0,47,14.9,275,612,4,55,1,6,14.3
Brandon Duhaime,25.0,RW,51,9,1,10,6,42,1.2,8,0,1,3,1,0,0,80,11.3,549,645,18,146,4,10,28.6
Mathew Dumba,28.0,D,79,4,10,14,-8,81,3.3,4,0,0,2,10,0,0,99,4.0,1681,1277,116,104,0,0,0.0
Brian Dumoulin,31.0,D,82,1,24,25,-4,16,3.7,1,0,0,0,22,0,2,82,1.2,1693,1238,142,123,0,0,0.0
Vince Dunn,26.0,D,81,14,50,64,28,55,10.4,14,0,0,2,35,15,0,149,9.4,1917,1420,80,115,0,0,0.0
Sean Durzi,24.0,D,72,9,29,38,-12,50,4.8,8,1,0,1,14,15,0,110,8.2,1425,1187,142,68,0,0,0.0
Christian Dvorak,26.0,C,64,10,18,28,-12,6,1.4,9,0,1,1,15,3,0,88,11.4,1079,1012,66,13,477,440,52.0
Jordan Eberle,32.0,RW,82,20,43,63,6,34,5.7,17,3,0,4,31,12,0,177,11.3,1368,1001,25,44,34,43,44.2
Alexander Edler,36.0,D,64,2,9,11,-1,34,2.0,2,0,0,1,9,0,0,56,3.6,946,886,104,106,0,0,0.0
Joel Edmundson,29.0,D,61,2,11,13,-29,58,0.3,2,0,0,0,10,0,1,69,2.9,1194,1174,149,112,0,0,0.0
Nikolaj Ehlers,26.0,LW,45,12,26,38,-2,11,3.6,9,3,0,0,17,9,0,132,9.1,704,939,10,36,1,1,50.0
Jack Eichel,26.0,C,67,27,39,66,26,6,7.8,25,2,0,2,26,12,1,223,12.1,1257,1126,56,59,359,434,45.3
Aaron Ekblad,26.0,D,71,14,24,38,-14,68,4.6,5,8,1,2,13,11,0,216,6.5,1661,1404,80,77,0,0,0.0
Mattias Ekholm,32.0,D,78,9,23,32,28,28,7.7,9,0,0,0,18,4,1,135,6.7,1675,1288,104,91,0,0,0.0
Oliver Ekman-Larsson,31.0,D,54,2,20,22,-24,22,1.2,2,0,0,0,15,4,1,90,2.2,1090,1211,43,58,0,0,0.0
Lars Eller,33.0,C,84,10,13,23,3,46,1.4,9,0,1,1,13,0,0,140,7.1,1243,888,42,93,549,474,53.7
Andreas Englund,27.0,D,47,0,4,4,-1,35,0.9,0,0,0,0,4,0,0,31,0.0,569,727,33,133,0,0,0.0
Pierre Engvall,26.0,LW,76,17,13,30,8,21,3.1,16,1,0,4,11,2,0,131,13.0,1036,818,6,47,33,31,51.6
Mackenzie Entwistle,23.0,RW,66,4,6,10,-11,14,-0.1,4,0,0,0,5,1,0,50,8.0,787,715,28,126,93,107,46.5
Joel Eriksson Ek,26.0,C,78,23,38,61,4,44,6.1,9,12,2,1,26,11,1,247,9.3,1482,1140,55,119,684,702,49.4
Adam Erne,27.0,LW,61,8,10,18,-12,21,0.8,8,0,0,2,9,0,1,55,14.5,816,803,55,160,12,14,46.2
Luke Evangelista,20.0,RW,24,7,8,15,7,6,1.8,7,0,0,1,6,2,0,54,13.0,398,994,6,9,0,0,0.0
Jake Evans,26.0,C,54,2,17,19,-5,28,0.5,1,1,0,0,15,0,2,55,3.6,782,869,41,27,338,312,52.0
Michael Eyssimont,26.0,C,54,5,10,15,3,63,1.0,5,0,0,0,10,0,0,124,4.0,662,735,19,107,12,22,35.3
Robby Fabbri,27.0,C,28,7,9,16,-1,22,1.5,4,3,0,3,4,5,0,35,20.0,448,960,15,49,10,16,38.5
Dante Fabbro,24.0,D,79,2,9,11,-4,50,2.7,2,0,0,0,8,1,0,101,2.0,1378,1047,129,113,0,0,0.0
Radek Faksa,29.0,C,81,11,9,20,9,39,1.5,10,0,1,3,8,0,1,88,12.5,1111,823,69,89,309,243,56.0
Joel Farabee,22.0,LW,82,15,24,39,-1,41,3.0,15,0,0,1,22,2,0,145,10.3,1395,1021,45,71,16,29,35.6
Hudson Fasching,27.0,RW,49,10,9,19,10,10,2.3,10,0,0,1,8,1,0,61,16.4,612,749,22,45,2,8,20.0
Jesper Fast,31.0,RW,80,10,19,29,9,16,2.4,10,0,0,1,16,0,3,76,13.2,1179,884,40,104,10,15,40.0
Justin Faulk,30.0,D,82,11,39,50,-4,34,6.6,9,2,0,3,31,8,0,196,5.6,1917,1403,140,112,0,0,0.0
Martin Fehérváry,23.0,D,67,6,10,16,-11,31,2.8,6,0,0,1,10,0,0,91,6.6,1340,1200,128,217,0,0,0.0
Mario Ferraro,24.0,D,72,4,7,11,-31,24,0.9,4,0,0,0,6,1,0,66,6.1,1555,1296,145,129,0,1,0.0
Kevin Fiala,26.0,LW,69,23,49,72,2,52,7.1,16,7,0,2,32,17,0,208,11.1,1214,1056,18,53,8,8,50.0
Christian Fischer,25.0,RW,80,13,14,27,-7,20,1.5,12,0,1,0,13,1,0,122,10.7,1188,891,37,126,9,40,18.4
Casey Fitzgerald,25.0,D,27,0,3,3,-2,4,0.3,0,0,0,0,3,0,0,13,0.0,322,715,12,35,0,0,0.0
Haydn Fleury,26.0,D,29,0,1,1,-10,14,-0.3,0,0,0,0,1,0,0,33,0.0,371,768,30,30,0,0,0.0
Warren Foegele,26.0,LW,67,13,15,28,7,28,2.6,12,0,1,4,15,0,0,126,10.3,851,762,22,96,7,6,53.8
Marcus Foligno,31.0,LW,65,7,14,21,-6,97,1.1,7,0,0,0,11,3,0,83,8.4,974,899,40,237,7,7,50.0
Nick Foligno,35.0,LW,60,10,16,26,18,45,2.8,8,2,0,1,13,3,0,71,14.1,742,742,29,147,40,32,55.6
Callan Foote,24.0,D,50,2,5,7,6,63,2.1,2,0,0,0,5,0,0,39,5.1,756,907,52,58,0,0,0.0
Derek Forbort,30.0,D,54,5,7,12,12,23,3.2,3,0,2,2,7,0,0,38,13.2,958,1064,88,106,0,0,0.0
Filip Forsberg,28.0,C,50,19,23,42,-4,20,4.4,15,4,0,2,14,9,0,157,12.1,874,1048,20,86,0,1,0.0
Gustav Forsling,26.0,D,82,13,28,41,19,40,7.2,12,1,0,3,22,4,2,209,6.2,1922,1406,106,69,0,0,0.0
Liam Foudy,22.0,C,62,7,7,14,-26,8,0.0,7,0,0,0,7,0,0,67,10.4,752,728,18,60,3,6,33.3
Cam Fowler,31.0,D,82,10,38,48,-23,14,5.9,6,4,0,1,28,10,0,130,7.7,1982,1450,104,18,0,0,0.0
Adam Fox,24.0,D,82,12,60,72,28,34,11.9,11,1,0,5,29,28,3,159,7.5,1999,1463,125,25,0,0,0.0
Trent Frederic,24.0,C,79,17,14,31,28,57,4.0,17,0,0,6,13,0,1,120,14.2,942,715,36,105,24,48,33.3
Mark Friedman,27.0,D,23,1,2,3,2,15,0.8,1,0,0,0,2,0,0,36,2.8,332,867,22,52,0,0,0.0
Morgan Frost,23.0,C,81,19,27,46,-12,24,3.8,18,1,0,3,23,4,0,155,12.3,1324,981,53,85,436,515,45.8
Jonah Gadjovich,24.0,LW,35,3,4,7,-3,57,0.4,3,0,0,0,4,0,0,32,9.4,315,539,5,92,1,3,25.0
Sam Gagner,33.0,C,48,8,6,14,-4,13,1.1,7,1,0,2,4,2,0,78,10.3,584,730,14,16,14,32,30.4
Brendan Gallagher,30.0,RW,37,8,6,14,-5,45,1.0,8,0,0,2,4,2,0,93,8.6,528,857,13,18,6,11,35.3
Dylan Gambrell,26.0,C,60,4,6,10,-4,25,0.2,4,0,0,0,4,0,2,46,8.7,683,683,45,60,138,168,45.1
Conor Garland,26.0,RW,81,17,29,46,-5,31,3.6,15,2,0,2,19,10,0,167,10.2,1224,907,20,47,3,11,21.4
Frédérick Gaudreau,29.0,C,82,19,19,38,10,10,3.9,12,3,4,3,17,1,1,138,13.8,1316,963,52,42,500,515,49.3
Johnny Gaudreau,29.0,LW,80,21,53,74,-33,22,5.7,18,3,0,4,32,21,0,220,9.5,1553,1165,18,5,0,0,0.0
Julien Gauthier,25.0,RW,57,9,5,14,-6,6,1.2,9,0,0,0,5,0,0,53,17.0,492,518,13,105,3,5,37.5
Vladislav Gavrikov,27.0,D,72,6,13,19,4,38,4.5,5,0,1,2,12,0,1,89,6.7,1582,1318,115,74,0,0,0.0
Morgan Geekie,24.0,C,69,9,19,28,14,24,2.7,8,1,0,3,19,0,0,81,11.1,721,627,33,53,297,307,49.2
Dennis Gilbert,26.0,D,23,1,3,4,0,27,0.7,1,0,0,1,3,0,0,13,7.7,270,704,26,55,0,0,0.0
Mark Giordano,39.0,D,78,4,20,24,27,53,5.9,3,0,1,1,20,0,0,107,3.7,1478,1137,147,60,0,0,0.0
Samuel Girard,24.0,D,76,6,31,37,-10,16,4.8,5,1,0,1,23,7,1,119,5.0,1634,1290,116,67,0,0,0.0
Zemgus Girgensons,29.0,C,80,10,8,18,-5,14,0.6,10,0,0,0,7,1,0,114,8.8,1038,779,49,96,94,113,45.4
Claude Giroux,35.0,C,82,35,44,79,4,34,9.0,28,7,0,6,26,17,1,214,16.4,1541,1128,30,75,712,509,58.3
Cody Glass,23.0,C,72,14,21,35,9,20,3.5,8,6,0,2,18,3,0,131,10.7,1063,886,31,62,362,365,49.8
Luke Glendening,33.0,C,70,3,3,6,-9,50,-0.9,1,0,2,0,3,0,0,65,4.6,844,724,60,114,359,249,59.0
Alex Goligoski,37.0,D,46,2,4,6,-9,16,1.2,2,0,0,2,3,1,0,63,3.2,813,1060,67,33,0,0,0.0
Barclay Goodrow,29.0,RW,82,11,20,31,3,58,2.2,10,1,0,2,18,1,1,89,12.4,1162,850,64,122,272,321,45.9
Shayne Gostisbehere,29.0,D,75,13,28,41,-5,32,6.2,6,5,2,2,18,10,0,155,8.4,1561,1249,89,46,0,0,0.0
Yanni Gourde,31.0,C,81,14,34,48,23,76,4.2,10,3,1,2,33,1,0,141,9.9,1388,1028,54,118,483,489,49.7
Mikael Granlund,30.0,C,79,10,31,41,-15,20,2.2,9,1,0,1,20,11,0,121,8.3,1408,1070,60,78,171,213,44.5
Derek Grant,32.0,C,46,5,13,18,-4,26,0.9,5,0,0,0,11,2,0,72,6.9,683,891,26,36,272,221,55.2
Kevin Gravel,30.0,D,23,0,1,1,-10,4,-0.2,0,0,0,0,1,0,0,20,0.0,328,856,36,23,0,0,0.0
Ryan Graves,27.0,D,78,8,18,26,34,28,6.8,8,0,0,2,16,0,2,141,5.7,1556,1197,152,83,0,0,0.0
Jordan Greenway,25.0,LW,62,6,5,11,-6,26,0.1,6,0,0,0,5,0,0,99,6.1,837,810,39,107,2,12,14.3
A.J. Greer,26.0,LW,61,5,7,12,9,114,1.0,5,0,0,1,7,0,0,66,7.6,556,547,25,101,2,1,66.7
Noah Gregor,24.0,C,57,10,7,17,-9,32,1.1,10,0,0,1,6,0,1,119,8.4,740,778,34,97,7,16,30.4
Carl Grundström,25.0,RW,57,12,7,19,-4,16,1.8,11,1,0,2,7,0,0,90,13.3,613,645,17,144,4,5,44.4
Matt Grzelcyk,29.0,D,75,4,22,26,46,28,7.1,4,0,0,2,22,0,0,102,3.9,1292,1034,78,51,0,0,0.0
Radko Gudas,32.0,D,72,2,15,17,14,79,3.3,2,0,0,0,15,0,0,110,1.8,1250,1042,124,312,0,0,0.0
Erik Gudbranson,31.0,D,70,1,12,13,-24,57,1.5,1,0,0,1,12,0,0,102,1.0,1491,1278,137,119,0,0,0.0
Dylan Guenther,19.0,RW,33,6,9,15,-7,10,1.0,2,4,0,1,7,2,0,53,11.3,433,787,11,18,2,2,50.0
Jake Guentzel,28.0,C,78,36,37,73,2,46,7.9,25,11,0,6,25,12,0,244,14.8,1569,1207,46,83,8,8,50.0
Kaiden Guhle,21.0,D,44,4,14,18,-19,27,1.4,4,0,0,0,14,0,0,48,8.3,903,1231,77,84,0,0,0.0
Denis Gurianov,25.0,RW,66,7,10,17,-9,10,0.5,6,1,0,0,8,2,0,116,6.0,871,792,27,43,0,1,0.0
David Gustafsson,22.0,C,46,0,6,6,2,6,0.0,0,0,0,0,5,0,1,45,0.0,464,606,18,25,103,106,49.3
Erik Gustafsson,30.0,D,70,7,35,42,9,23,6.8,7,0,0,2,21,14,0,122,5.7,1384,1186,63,52,0,0,0.0
Brandon Hagel,24.0,LW,81,30,34,64,23,54,7.2,22,7,1,3,26,6,2,178,16.9,1510,1119,58,68,23,58,28.4
Robert Hägg,27.0,D,38,2,5,7,-5,26,1.2,2,0,0,0,5,0,0,40,5.0,590,931,47,111,0,0,0.0
Nicolas Hague,24.0,D,81,3,14,17,7,51,3.6,3,0,0,1,14,0,0,103,2.9,1465,1085,133,117,0,0,0.0
Jani Hakanpää,30.0,D,82,6,10,16,18,60,5.0,6,0,0,1,10,0,0,86,7.0,1585,1160,128,224,0,0,0.0
Taylor Hall,31.0,LW,61,16,20,36,11,24,3.7,12,4,0,5,16,4,0,150,10.7,972,956,33,35,4,5,44.4
Dougie Hamilton,29.0,D,82,22,52,74,23,50,12.1,14,8,0,7,32,20,0,275,8.0,1786,1306,86,64,0,0,0.0
Travis Hamonic,32.0,D,75,6,15,21,-5,71,3.7,6,0,0,1,11,1,3,136,4.4,1392,1114,143,109,0,0,0.0
Noah Hanifin,26.0,D,81,7,31,38,2,33,6.3,6,1,0,0,23,7,1,176,4.0,1834,1359,129,76,0,0,0.0
Joel Hanley,31.0,D,26,0,2,2,5,15,0.9,0,0,0,0,2,0,0,14,0.0,303,698,28,24,0,0,0.0
Jansen Harkins,25.0,C,22,3,2,5,4,12,0.6,3,0,0,0,2,0,0,18,16.7,238,649,11,16,2,7,22.2
Ben Harpur,28.0,D,42,1,5,6,0,20,1.2,1,0,0,0,5,0,0,34,2.9,591,844,57,63,0,0,0.0
Scott Harrington,29.0,D,45,4,7,11,-6,10,1.8,4,0,0,1,7,0,0,33,12.1,740,986,78,51,0,0,0.0
Jordan Harris,22.0,D,65,4,13,17,-3,26,2.7,4,0,0,0,12,1,0,70,5.7,1212,1119,98,53,0,0,0.0
Ryan Hartman,28.0,RW,59,15,22,37,7,90,3.9,12,1,2,6,17,3,2,149,10.1,962,978,48,62,242,322,42.9
Rafaël Harvey-Pinard,24.0,LW,34,14,6,20,7,10,2.5,9,4,1,1,6,0,0,58,24.1,586,1034,56,57,0,1,0.0
Garnet Hathaway,31.0,RW,84,13,9,22,5,69,2.0,13,0,0,3,8,0,1,88,14.8,991,708,83,268,3,10,23.1
Erik Haula,31.0,LW,80,14,27,41,13,47,3.4,10,2,2,0,21,5,1,164,8.5,1330,998,54,92,573,484,54.2
Kevin Hayes,30.0,RW,81,18,36,54,-22,23,4.0,12,6,0,1,26,10,0,209,8.6,1423,1054,22,52,334,342,49.4
Barrett Hayton,22.0,C,82,19,24,43,-5,42,3.2,15,4,0,4,17,6,1,178,10.7,1435,1050,33,83,628,602,51.1
Victor Hedman,32.0,D,76,9,40,49,10,42,7.6,7,1,1,1,25,13,2,185,4.9,1803,1423,136,95,0,0,0.0
Danton Heinen,27.0,C,65,8,14,22,-5,12,1.5,7,1,0,0,13,1,0,96,8.3,699,645,26,76,2,3,40.0
Miro Heiskanen,23.0,D,79,11,62,73,12,32,11.1,9,2,0,2,29,32,1,206,5.3,2014,1529,96,49,0,0,0.0
Adam Henrique,32.0,C,62,22,16,38,-8,22,3.6,18,4,0,1,10,6,0,132,16.7,1127,1091,46,28,342,327,51.1
Tomáš Hertl,29.0,C,79,22,41,63,-36,42,4.5,16,6,0,1,25,16,0,183,12.0,1523,1157,57,91,792,653,54.8
Vinnie Hinostroza,28.0,C,26,2,9,11,-1,6,0.6,2,0,0,1,8,0,1,38,5.3,328,756,7,1,1,3,25.0
Roope Hintz,26.0,LW,73,37,38,75,31,30,9.9,25,9,3,5,26,12,0,184,20.1,1282,1053,45,47,249,230,52.0
Nico Hischier,24.0,C,81,31,49,80,33,10,9.2,21,7,3,9,36,12,1,256,12.1,1562,1157,61,34,891,763,53.9
Mike Hoffman,33.0,C,67,14,20,34,-10,28,2.5,13,1,0,3,11,9,0,148,9.5,1050,940,24,24,16,12,57.1
Nils Höglander,22.0,LW,25,3,6,9,-4,6,0.4,3,0,0,0,6,0,0,29,10.3,301,723,8,21,1,1,50.0
Nick Holden,35.0,D,65,2,14,16,0,10,2.9,2,0,0,0,13,0,1,73,2.7,1086,1002,69,79,0,0,0.0
Justin Holl,31.0,D,80,2,16,18,15,39,4.4,2,0,0,1,16,0,0,60,3.3,1619,1214,139,151,0,0,0.0
Dylan Holloway,21.0,C,51,3,6,9,0,27,0.2,3,0,0,1,6,0,0,44,6.8,489,575,16,83,22,40,35.5
Pontus Holmberg,23.0,RW,37,5,8,13,0,18,1.1,4,1,0,2,8,0,0,27,18.5,386,625,18,24,93,126,42.5
Simon Holmström,21.0,RW,50,6,3,9,-4,0,0.5,6,0,0,2,3,0,0,39,15.4,555,666,22,9,0,3,0.0
Patric Hörnqvist,36.0,RW,22,1,2,3,-4,13,-0.1,1,0,0,1,1,1,0,40,2.5,204,556,8,18,1,5,16.7
Bo Horvat,27.0,C,79,38,32,70,-1,18,7.5,22,12,4,5,21,10,1,229,16.6,1632,1239,55,57,958,727,56.9
Brett Howden,24.0,C,54,6,7,13,5,55,0.8,6,0,0,0,7,0,0,53,11.3,705,784,34,107,117,110,51.5
Filip Hronek,25.0,D,64,9,30,39,7,34,6.8,5,4,0,1,18,12,0,124,7.3,1389,1302,58,102,0,0,0.0
Jonathan Huberdeau,29.0,LW,79,15,40,55,2,36,4.6,11,4,0,1,29,11,0,126,11.9,1332,1012,27,65,5,10,33.3
Jack Hughes,21.0,C,78,43,56,99,10,6,11.3,34,9,0,6,34,22,0,336,12.8,1557,1198,30,12,164,300,35.3
Quinn Hughes,23.0,D,78,7,69,76,15,34,10.2,5,2,0,0,36,32,1,154,4.5,2002,1540,71,29,0,0,0.0
Brad Hunt,34.0,D,47,4,6,10,4,12,2.1,4,0,0,0,6,0,0,46,8.7,527,673,10,16,0,0,0.0
Dryden Hunt,27.0,LW,37,3,0,3,-10,24,-0.3,3,0,0,0,0,0,0,23,13.0,299,484,4,100,1,2,33.3
Ben Hutton,29.0,D,31,3,5,8,1,6,1.5,3,0,0,0,4,1,0,52,5.8,496,960,34,18,0,0,0.0
Zach Hyman,30.0,LW,79,36,47,83,13,39,8.9,21,15,0,3,36,11,0,276,13.0,1592,1209,19,77,6,6,50.0
Alex Iafallo,29.0,C,59,14,22,36,14,20,3.6,7,7,0,5,21,1,0,133,10.5,962,978,33,27,7,6,53.8
Matt Irwin,35.0,D,61,2,3,5,-8,36,0.9,2,0,0,0,3,0,0,79,2.5,795,782,75,117,0,0,0.0
Mark Jankowski,28.0,C,50,7,5,12,-1,18,0.9,4,0,3,3,5,0,0,57,12.3,622,746,31,45,191,152,55.7
Mattias Janmark,30.0,C,66,10,15,25,9,30,1.8,7,0,3,1,14,0,1,79,12.7,968,880,26,20,26,33,44.1
Calle Järnkrok,31.0,C,73,20,19,39,9,14,4.2,16,3,1,2,15,2,2,106,18.9,1050,863,19,50,42,52,44.7
Seth Jarvis,20.0,C,82,14,25,39,10,12,3.6,13,0,1,0,20,5,0,187,7.5,1329,972,48,73,9,17,34.6
Tanner Jeannot,25.0,F,76,6,12,18,-7,107,0.4,6,0,0,1,11,0,1,107,5.6,1083,855,62,290,10,13,43.5
Boone Jenner,29.0,C,68,26,19,45,-32,51,3.7,19,7,0,3,15,4,0,214,12.1,1374,1212,70,129,758,628,54.7
Nick Jensen,32.0,D,77,5,24,29,-1,18,4.9,5,0,0,0,23,0,1,109,4.6,1587,1237,128,107,0,0,0.0
Ryan Johansen,30.0,C,55,12,16,28,-13,32,2.1,7,5,0,1,11,5,0,86,14.0,867,946,19,49,502,346,59.2
Marcus Johansson,32.0,C,80,19,27,46,3,8,4.4,12,5,2,7,14,13,0,137,13.9,1319,989,23,26,23,29,44.2
Erik Johnson,34.0,D,63,0,8,8,8,12,2.3,0,0,0,0,7,0,1,98,0.0,1087,1035,102,121,0,0,0.0
Jack Johnson,36.0,D,83,2,6,8,-15,28,1.8,2,0,0,0,4,0,2,92,2.2,1589,1149,127,117,0,1,0.0
Kent Johnson,20.0,C,79,16,24,40,-19,14,3.1,11,5,0,3,17,7,0,126,12.7,1147,871,30,15,41,98,29.5
Reese Johnson,24.0,F,57,4,2,6,-15,38,-0.4,4,0,0,1,2,0,0,54,7.4,628,661,23,178,120,106,53.1
Tyler Johnson,32.0,C,56,12,20,32,-21,16,2.3,8,4,0,0,15,5,0,125,9.6,928,994,25,49,58,55,51.3
Wyatt Johnston,19.0,C,82,24,17,41,6,20,4.4,21,3,0,3,13,4,0,160,15.0,1270,929,31,22,145,190,43.3
Henri Jokiharju,23.0,D,60,3,10,13,-12,30,1.2,3,0,0,0,10,0,0,79,3.8,1261,1261,58,63,0,0,0.0
Caleb Jones,25.0,D,73,4,12,16,-19,40,2.5,3,1,0,1,9,3,0,86,4.7,1402,1153,118,116,0,0,0.0
Max Jones,24.0,LW,69,9,10,19,-21,77,0.4,9,0,0,2,10,0,0,107,8.4,877,763,18,110,10,12,45.5
Seth Jones,28.0,D,72,12,25,37,-38,30,4.4,10,2,0,1,14,10,1,178,6.7,1760,1467,125,106,0,0,0.0
Axel Jonsson-Fjällby,24.0,LW,50,6,8,14,-1,8,1.1,6,0,0,2,7,0,1,54,11.1,523,627,18,43,1,4,20.0
Mathieu Joseph,25.0,RW,56,3,15,18,5,36,1.0,0,1,2,0,12,2,1,66,4.5,785,841,28,80,3,6,33.3
Pierre-Olivier Joseph,23.0,D,75,5,16,21,8,44,4.1,4,1,0,1,14,2,0,108,4.6,1144,915,36,88,0,0,0.0
Dakota Joshua,26.0,C,79,11,12,23,-16,60,1.0,9,1,1,2,12,0,0,71,15.5,910,691,30,222,23,20,53.5
Roman Josi,32.0,D,67,18,41,59,5,36,9.9,10,8,0,5,25,16,0,269,6.7,1686,1510,146,51,0,0,0.0
Tyson Jost,24.0,C,71,7,18,25,-13,34,0.9,7,0,0,0,18,0,0,98,7.1,940,795,32,61,175,276,38.8
Nazem Kadri,32.0,C,82,24,32,56,-19,56,4.7,13,11,0,4,24,8,0,267,9.0,1411,1033,31,99,586,648,47.5
Kaapo Kakko,21.0,RW,82,18,22,40,12,8,3.9,18,0,0,2,19,3,0,125,14.4,1255,918,27,26,1,3,25.0
Arthur Kaliyev,21.0,RW,56,13,15,28,-5,12,2.6,5,8,0,1,11,4,0,122,10.7,654,701,10,40,0,0,0.0
David Kämpf,28.0,C,82,7,20,27,6,8,1.4,7,0,0,1,17,0,3,107,6.5,1255,918,29,74,591,556,51.5
Evander Kane,31.0,LW,41,16,12,28,-4,53,2.6,15,0,1,3,9,2,1,146,11.0,767,1122,15,124,12,22,35.3
Patrick Kane,34.0,RW,73,21,36,57,-22,16,4.8,17,4,0,1,18,18,0,227,9.3,1410,1159,19,13,1,1,50.0
Kasperi Kapanen,26.0,RW,66,15,19,34,-8,18,2.9,11,3,1,5,16,3,0,116,12.9,903,821,20,99,30,49,38.0
Kirill Kaprizov,25.0,LW,67,40,35,75,4,35,9.2,23,17,0,6,20,15,0,261,15.3,1415,1267,28,66,2,3,40.0
Erik Karlsson,32.0,D,82,25,76,101,-26,36,12.4,20,5,0,4,54,22,0,209,12.0,2100,1537,90,33,0,1,0.0
William Karlsson,30.0,C,82,14,39,53,14,10,4.5,10,2,2,2,29,7,3,161,8.7,1432,1048,50,50,632,510,55.3
Zack Kassian,32.0,RW,51,2,0,2,-18,50,-1.1,2,0,0,0,0,0,0,25,8.0,467,549,8,32,3,5,37.5
Mark Kastelic,23.0,C,65,7,4,11,-6,102,0.7,7,0,0,2,4,0,0,73,9.6,578,534,37,154,336,254,56.9
Boris Katchouk,24.0,LW,58,5,11,16,-10,27,0.8,5,0,0,2,10,0,1,68,7.4,701,725,15,85,3,12,20.0
Martin Kaut,23.0,RW,36,4,4,8,-4,4,0.4,3,1,0,1,4,0,0,44,9.1,374,624,5,23,2,4,33.3
Clayton Keller,24.0,C,82,37,49,86,-2,49,8.7,30,6,1,4,35,14,0,223,16.6,1702,1245,34,18,22,41,34.9
Parker Kelly,23.0,F,55,1,3,4,-9,37,-0.7,1,0,0,1,2,0,1,59,1.7,578,630,25,172,5,6,45.5
Adrian Kempe,26.0,LW,82,41,26,67,22,55,8.5,27,11,3,6,17,9,0,250,16.4,1538,1125,32,119,16,35,31.4
Alexander Kerfoot,28.0,C,82,10,22,32,8,30,2.3,7,2,1,1,20,1,1,133,7.5,1199,877,46,54,65,80,44.8
Phil Kessel,35.0,RW,82,14,22,36,-7,30,2.8,12,2,0,0,15,7,0,149,9.4,1050,769,28,10,5,7,41.7
Jujhar Khaira,28.0,LW,51,6,8,14,-11,31,0.6,4,1,1,0,7,1,0,59,10.2,708,833,40,108,154,164,48.4
Alex Killorn,33.0,C,82,27,37,64,18,45,6.9,23,3,1,5,27,9,1,143,18.9,1411,1033,31,61,1,1,50.0
Joel Kiviranta,26.0,F,70,8,1,9,-9,40,-0.1,7,0,1,0,1,0,0,85,9.4,851,729,20,117,3,7,30.0
John Klingberg,30.0,D,67,10,23,33,-25,34,3.8,8,2,0,3,15,8,0,112,8.9,1382,1237,84,55,0,0,0.0
Keegan Kolesar,25.0,RW,74,8,10,18,6,68,1.3,8,0,0,0,10,0,0,63,12.7,849,688,31,279,8,16,33.3
Travis Konecny,25.0,C,60,31,30,61,-12,77,6.6,23,5,3,5,17,10,3,191,16.2,1207,1207,38,55,28,32,46.7
Anže Kopitar,35.0,C,82,28,46,74,20,4,7.6,21,7,0,4,32,13,1,169,16.6,1665,1218,87,68,899,709,55.9
Klim Kostin,23.0,C,57,11,10,21,12,66,2.4,11,0,0,2,10,0,0,56,19.6,573,604,15,157,4,6,40.0
Jesperi Kotkaniemi,22.0,C,82,18,25,43,10,50,4.5,14,3,1,2,17,8,0,129,14.0,1208,884,21,105,360,340,51.4
Johnathan Kovacevic,25.0,D,77,3,12,15,3,39,3.0,3,0,0,0,12,0,0,92,3.3,1341,1045,86,93,0,0,0.0
Vitali Kravtsov,23.0,RW,44,4,4,8,3,10,0.4,3,1,0,0,2,2,0,43,9.3,493,672,15,28,0,3,0.0
Peyton Krebs,22.0,C,74,9,17,26,-8,50,1.2,7,1,1,0,15,2,0,78,11.5,1024,830,20,93,251,305,45.1
Chris Kreider,31.0,LW,79,36,18,54,21,26,7.0,24,8,4,3,9,9,0,229,15.7,1455,1105,24,128,38,46,45.2
David Krejčí,36.0,C,70,16,40,56,23,20,5.6,12,4,0,2,32,8,0,112,14.3,1204,1032,38,41,351,389,47.4
Torey Krug,31.0,D,63,7,25,32,-26,49,2.5,3,4,0,1,15,10,0,126,5.6,1171,1115,87,40,0,0,0.0
Dominik Kubalík,27.0,LW,81,20,25,45,-15,24,3.8,13,7,0,3,15,10,0,174,11.5,1208,895,26,89,17,18,48.6
Nikita Kucherov,29.0,RW,82,30,83,113,-2,36,10.7,22,8,0,4,41,42,0,271,11.1,1651,1208,28,61,2,0,100.0
Karson Kuhlman,27.0,C,47,3,4,7,-4,8,-0.1,3,0,0,2,4,0,0,48,6.3,557,711,18,41,0,5,0.0
Brett Kulak,29.0,D,82,3,17,20,11,41,3.4,3,0,0,0,14,0,3,114,2.6,1436,1051,106,105,0,0,0.0
Dmitry Kulikov,32.0,D,67,3,13,16,-13,34,2.2,3,0,0,0,13,0,0,84,3.6,1305,1168,108,96,0,0,0.0
Luke Kunin,25.0,C,31,5,8,13,-9,32,0.7,3,2,0,0,6,2,0,58,8.6,478,926,27,63,5,7,41.7
Rasmus Kupari,22.0,C,66,3,12,15,-5,12,0.4,3,0,0,0,11,0,1,53,5.7,666,606,34,80,220,183,54.6
Sean Kuraly,30.0,C,71,11,9,20,-28,68,0.4,9,1,1,0,8,0,1,100,11.0,1070,904,46,187,567,575,49.6
Philipp Kurashev,23.0,C,70,9,16,25,-32,14,0.5,9,0,0,2,12,4,0,116,7.8,1219,1045,34,38,85,105,44.7
Andrei Kuzmenko,26.0,F,81,39,35,74,9,8,8.6,25,14,0,4,30,5,0,143,27.3,1316,975,18,13,0,1,0.0
Evgeny Kuznetsov,30.0,C,81,12,43,55,-26,56,3.3,7,5,0,2,30,13,0,172,7.0,1463,1084,29,43,508,561,47.5
Jordan Kyrou,24.0,C,79,37,36,73,-38,22,6.7,26,11,0,5,23,12,1,272,13.6,1422,1080,35,14,5,9,35.7
Kevin Labanc,27.0,RW,72,15,18,33,-17,36,2.4,13,2,0,0,17,1,0,129,11.6,1031,860,28,70,5,3,62.5
Tanner Laczynski,25.0,C,32,2,2,4,-5,2,-0.1,2,0,0,0,2,0,0,23,8.7,305,571,10,30,50,47,51.5
Sam Lafferty,27.0,C,70,12,15,27,-11,37,2.0,8,0,4,1,14,0,1,102,11.8,1023,877,33,125,248,237,51.1
Alexis Lafrenière,21.0,LW,81,16,23,39,10,33,3.6,13,3,0,2,22,1,0,135,11.9,1233,913,28,141,28,48,36.8
Patrik Laine,24.0,RW,55,22,30,52,-12,16,5.2,14,8,0,1,22,8,0,184,12.0,1052,1147,27,27,28,52,35.0
Dylan Larkin,26.0,C,80,32,47,79,-7,45,8.0,15,16,1,5,32,15,0,244,13.1,1564,1173,27,47,737,618,54.4
Adam Larsson,30.0,D,82,8,25,33,27,47,6.7,7,0,1,2,25,0,0,143,5.6,1938,1418,173,222,0,0,0.0
Scott Laughton,28.0,C,78,18,25,43,-9,50,3.4,10,5,3,0,17,4,4,170,10.6,1426,1097,57,156,509,568,47.3
Jakub Lauko,22.0,C,23,4,3,7,2,11,0.8,4,0,0,1,3,0,0,17,23.5,204,532,6,44,0,4,0.0
Jeremy Lauzon,25.0,D,67,3,9,12,-11,66,2.1,3,0,0,0,8,0,1,77,3.9,1128,1011,75,250,0,0,0.0
Curtis Lazar,27.0,C,49,3,2,5,-6,21,-0.5,3,0,0,0,2,0,0,55,5.5,585,716,53,138,140,132,51.5
Brett Leason,23.0,RW,54,6,3,9,-21,14,-0.3,6,0,0,1,3,0,0,51,11.8,588,654,18,35,2,4,33.3
Nick Leddy,31.0,D,78,2,21,23,4,20,3.5,2,0,0,1,21,0,0,79,2.5,1648,1267,96,43,0,0,0.0
Anders Lee,32.0,LW,82,28,22,50,-3,50,5.4,22,6,0,4,14,8,0,214,13.1,1412,1033,57,125,27,23,54.0
Artturi Lehkonen,27.0,LW,64,21,30,51,8,28,5.0,12,8,1,3,18,12,0,150,14.0,1309,1227,43,93,4,19,17.4
Josh Leivo,29.0,LW,51,4,12,16,0,25,0.9,4,0,0,0,12,0,0,91,4.4,606,713,13,55,3,4,42.9
Brendan Lemieux,26.0,LW,45,2,7,9,-3,74,0.2,2,0,0,0,7,0,0,44,4.5,458,611,15,131,7,7,50.0
Jake Leschyshyn,23.0,C,35,0,0,0,-10,8,-0.9,0,0,0,0,0,0,0,31,0.0,320,548,11,55,118,115,50.6
Kris Letang,35.0,D,64,12,29,41,-13,30,5.5,5,6,1,3,14,15,0,161,7.5,1591,1491,108,162,0,0,0.0
Trevor Lewis,36.0,C,82,9,11,20,-7,18,0.9,7,1,1,1,11,0,0,144,6.3,994,727,33,158,131,178,42.4
Timothy Liljegren,23.0,D,67,6,12,18,24,30,5.1,5,0,1,0,10,1,1,84,7.1,1200,1075,93,107,0,0,0.0
Oskar Lindblom,26.0,LW,73,6,9,15,-16,18,0.3,6,0,0,0,8,1,0,75,8.0,772,634,24,64,9,10,47.4
Esa Lindell,28.0,D,82,8,16,24,29,10,6.8,8,0,0,2,14,0,2,116,6.9,1633,1195,147,87,0,0,0.0
Ryan Lindgren,24.0,D,63,1,17,18,29,45,5.1,0,0,1,0,16,0,1,75,1.3,1187,1130,92,68,0,0,0.0
Elias Lindholm,28.0,C,80,22,42,64,6,14,6.0,11,10,1,2,29,11,2,186,11.8,1492,1119,50,98,857,681,55.7
Hampus Lindholm,29.0,D,80,10,43,53,49,56,10.9,9,1,0,2,27,16,0,158,6.3,1855,1391,100,78,0,0,0.0
Gustav Lindström,24.0,D,36,1,7,8,-16,20,0.3,1,0,0,0,7,0,0,18,5.6,510,850,34,39,0,0,0.0
Blake Lizotte,25.0,C,81,11,23,34,11,60,2.9,11,0,0,1,21,0,2,108,10.2,1048,777,39,96,413,394,51.2
Ryan Lomberg,28.0,LW,82,12,8,20,-1,88,1.3,12,0,0,1,8,0,0,134,9.0,927,679,24,149,15,15,50.0
Steven Lorentz,26.0,C,80,10,9,19,-18,16,0.7,8,1,1,0,8,0,1,111,9.0,947,710,46,133,262,285,47.9
Adam Lowry,29.0,LW,82,13,23,36,4,48,2.9,10,0,3,2,19,2,2,126,10.3,1283,939,46,161,595,585,50.4
Milan Lucic,34.0,LW,77,7,12,19,-13,43,0.6,7,0,0,0,12,0,0,73,9.6,871,678,15,168,17,22,43.6
Anton Lundell,21.0,C,73,12,21,33,1,43,2.1,10,0,2,1,16,5,0,152,7.9,1195,982,32,29,269,310,46.5
Isac Lundeström,23.0,C,61,4,10,14,-13,2,-0.2,3,0,1,0,10,0,0,60,6.7,874,860,43,20,286,316,47.5
Nils Lundkvist,22.0,D,60,6,10,16,-5,26,2.7,5,1,0,2,8,2,0,94,6.4,979,979,67,49,0,0,0.0
Eetu Luostarinen,24.0,C,82,17,26,43,19,28,4.0,15,2,0,1,22,3,1,132,12.9,1311,959,51,64,175,243,41.9
Ilya Lyubushkin,28.0,D,68,2,12,14,-2,38,1.8,1,0,1,1,11,0,1,41,4.9,1021,901,104,99,0,0,0.0
Olli Määttä,28.0,D,78,6,17,23,-9,14,3.9,6,0,0,0,17,0,0,62,9.7,1459,1122,128,78,0,0,0.0
Matias Maccelli,22.0,LW,64,11,38,49,0,18,4.0,10,1,0,1,26,12,0,61,18.0,1004,941,20,24,0,7,0.0
Kurtis MacDermid,28.0,D,44,1,5,6,-1,55,0.9,1,0,0,1,5,0,0,20,5.0,367,500,31,86,0,1,0.0
Jacob MacDonald,29.0,D,58,1,7,8,-14,23,0.5,1,0,0,0,6,1,0,75,1.3,698,722,43,69,0,0,0.0
Zack MacEwen,26.0,C,56,4,6,10,-11,66,-0.1,4,0,0,3,6,0,0,73,5.5,648,694,29,150,15,14,51.7
Connor Mackey,26.0,D,30,3,4,7,-4,48,1.0,3,0,0,0,4,0,0,31,9.7,421,843,29,61,0,0,0.0
Nathan MacKinnon,27.0,C,71,42,69,111,29,30,13.1,30,12,0,9,47,22,0,366,11.5,1585,1339,40,53,519,649,44.4
Saku Mäenalanen,28.0,RW,64,4,6,10,0,16,0.4,4,0,0,0,6,0,0,61,6.6,661,620,31,113,3,5,37.5
Josh Mahura,24.0,D,82,4,12,16,17,48,3.6,4,0,0,1,12,0,0,78,5.1,1151,842,70,101,0,0,0.0
Cale Makar,24.0,D,60,17,49,66,16,30,10.5,12,5,0,6,24,25,0,176,9.7,1583,1583,78,65,0,0,0.0
Denis Malgin,26.0,C,65,13,8,21,4,8,2.2,13,0,0,1,7,1,0,112,11.6,710,655,18,68,4,6,40.0
Evgeni Malkin,36.0,C,82,27,56,83,-12,82,7.6,16,11,0,3,31,25,0,240,11.3,1524,1115,33,53,422,434,49.3
Andrew Mangiapane,26.0,LW,82,17,26,43,12,40,3.9,15,2,0,1,22,2,2,182,9.3,1379,1009,26,86,5,9,35.7
Josh Manson,31.0,D,27,2,8,10,13,42,2.5,2,0,0,2,8,0,0,41,4.9,478,1061,41,64,0,0,0.0
Anthony Mantha,28.0,RW,67,11,16,27,-8,31,2.0,10,1,0,2,15,1,0,119,9.2,953,853,24,68,9,8,52.9
Brad Marchand,34.0,LW,73,21,46,67,27,74,7.0,12,9,0,4,25,20,1,183,11.5,1353,1112,22,81,22,35,38.6
Kirill Marchenko,22.0,RW,59,21,4,25,-23,16,2.2,14,7,0,1,3,1,0,131,16.0,955,971,39,34,9,7,56.3
Jonathan Marchessault,32.0,C,76,28,29,57,2,21,6.1,19,9,0,4,22,7,0,234,12.0,1303,1028,17,76,21,35,37.5
Mason Marchment,27.0,F,68,12,19,31,-6,80,2.2,10,2,0,2,16,3,0,148,8.1,1068,942,39,88,10,15,40.0
John Marino,25.0,D,64,4,14,18,21,20,4.5,4,0,0,0,13,0,1,67,6.0,1349,1264,81,44,0,0,0.0
Mitch Marner,25.0,RW,80,30,69,99,18,28,10.2,17,9,4,4,41,27,1,196,15.3,1702,1277,45,53,0,4,0.0
Pat Maroon,34.0,LW,80,5,9,14,-5,150,0.2,5,0,0,0,8,1,0,62,8.1,828,621,12,172,2,10,16.7
Matt Martin,33.0,LW,81,7,12,19,4,63,1.3,7,0,0,1,12,0,0,82,8.5,903,669,43,295,9,18,33.3
Alec Martinez,35.0,D,77,3,11,14,30,29,5.0,2,0,1,2,11,0,0,76,3.9,1480,1153,244,48,0,0,0.0
Jordan Martinook,30.0,LW,82,13,21,34,7,61,2.9,12,0,1,3,20,0,1,162,8.0,1282,938,31,81,32,39,45.1
Mike Matheson,28.0,D,48,8,26,34,7,33,5.4,8,0,0,2,15,9,2,126,6.3,1174,1467,80,53,0,0,0.0
Auston Matthews,25.0,C,74,40,45,85,31,20,10.6,27,13,0,8,30,15,0,327,12.2,1501,1217,92,78,550,499,52.4
Scott Mayfield,30.0,D,82,6,18,24,8,83,5.3,6,0,0,1,18,0,0,119,5.0,1724,1262,168,107,0,0,0.0
Charlie McAvoy,25.0,D,67,7,45,52,29,54,8.8,5,2,0,2,28,17,0,105,6.7,1494,1338,131,84,0,0,0.0
Jack McBain,23.0,C,82,12,14,26,-8,64,1.3,12,0,0,2,14,0,0,85,14.1,1146,839,51,304,370,470,44.0
Jake McCabe,29.0,D,76,3,22,25,19,56,5.9,3,0,0,1,22,0,0,96,3.1,1480,1169,151,163,0,0,0.0
Jared McCann,26.0,C,79,40,30,70,18,14,8.9,30,7,3,3,21,9,0,210,19.0,1291,980,28,65,26,52,33.3
Michael McCarron,27.0,RW,32,2,2,4,-3,24,0.0,2,0,0,0,1,0,1,39,5.1,337,633,20,75,63,43,59.4
Connor McDavid,26.0,C,82,64,89,153,22,36,18.2,39,21,4,11,36,50,3,352,18.2,1836,1343,40,89,525,486,51.9
Ryan McDonagh,33.0,D,71,2,18,20,12,22,5.0,2,0,0,1,18,0,0,78,2.6,1529,1292,165,63,0,0,0.0
Brock McGinn,28.0,LW,75,12,7,19,-6,21,1.1,10,0,2,3,7,0,0,91,13.2,978,782,43,84,4,10,28.6
Michael McLeod,24.0,C,80,4,22,26,6,43,1.4,4,0,0,1,21,0,1,90,4.4,980,735,51,127,587,381,60.6
Ryan McLeod,23.0,C,57,11,12,23,4,18,1.9,9,0,2,0,11,0,1,78,14.1,809,851,20,40,288,310,48.2
Brayden McNabb,32.0,D,82,1,16,17,17,41,4.2,1,0,0,0,14,0,2,89,1.1,1627,1191,197,201,0,0,0.0
Mason McTavish,20.0,C,80,17,26,43,-19,44,3.0,10,7,0,1,19,7,0,161,10.6,1230,922,37,55,307,418,42.3
Jaycob Megna,30.0,D,54,1,11,12,3,21,2.5,1,0,0,0,10,0,1,56,1.8,1019,1132,66,86,0,0,0.0
Jayson Megna,32.0,C,55,2,6,8,-21,6,-0.7,2,0,0,0,6,0,0,36,5.6,550,600,23,47,146,133,52.3
Timo Meier,26.0,RW,78,40,26,66,-19,43,7.1,23,17,0,5,20,6,0,327,12.2,1512,1163,37,154,21,36,36.8
Dawson Mercer,21.0,C,82,27,29,56,22,14,6.4,24,2,1,6,20,8,1,161,16.8,1358,994,63,36,70,95,42.4
Jonathon Merrill,30.0,D,73,2,10,12,-2,38,2.6,2,0,0,0,10,0,0,43,4.7,1106,909,107,47,0,0,0.0
Ben Meyers,24.0,F,39,4,0,4,-6,6,-0.1,4,0,0,0,0,0,0,33,12.1,374,576,13,25,96,91,51.3
Jacob Middleton,27.0,D,79,3,12,15,15,72,4.8,3,0,0,0,11,0,1,79,3.8,1504,1142,155,115,0,0,0.0
Ilya Mikheyev,28.0,F,46,13,15,28,3,2,2.6,12,1,0,2,13,2,0,91,14.3,778,1015,14,13,2,8,20.0
Niko Mikkola,26.0,D,81,1,5,6,6,58,2.1,1,0,0,0,5,0,0,62,1.6,1412,1046,106,151,0,0,0.0
Sonny Milano,26.0,LW,64,11,22,33,-5,18,2.8,10,1,0,3,18,4,0,80,13.8,826,774,15,39,0,0,0.0
Colin Miller,30.0,D,79,6,15,21,23,37,5.6,5,1,0,3,15,0,0,106,5.7,1325,1006,70,108,0,0,0.0
J.T. Miller,29.0,C,81,32,50,82,-7,60,7.5,16,11,5,3,27,19,4,223,14.3,1675,1241,51,200,487,399,55.0
K'Andre Miller,23.0,D,79,9,34,43,12,37,7.5,9,0,0,2,29,3,2,113,8.0,1734,1317,105,162,0,0,0.0
Ian Mitchell,24.0,D,35,1,7,8,-8,8,1.1,1,0,0,0,6,1,0,25,4.0,554,950,37,16,0,0,0.0
Casey Mittelstadt,24.0,C,82,15,44,59,-8,22,4.4,10,4,1,2,32,12,0,135,11.1,1290,944,16,30,338,398,45.9
Sean Monahan,28.0,C,25,6,11,17,-5,16,1.3,5,1,0,0,8,3,0,55,10.9,434,1042,8,10,177,144,55.1
Brandon Montour,28.0,D,80,16,57,73,9,107,9.9,13,3,0,5,27,30,0,242,6.6,1930,1448,93,92,0,0,0.0
Trevor Moore,27.0,LW,59,10,19,29,-2,14,1.9,7,2,1,1,13,5,1,163,6.1,1002,1019,23,60,14,25,35.9
Josh Morrissey,27.0,D,78,16,60,76,2,41,11.3,14,2,0,6,34,26,0,172,9.3,1890,1454,119,89,0,0,0.0
J.J. Moser,22.0,D,82,7,24,31,-12,35,4.1,4,3,0,1,16,8,0,93,7.5,1726,1263,137,80,0,0,0.0
Tyler Motte,27.0,C,62,8,11,19,3,6,1.5,7,0,1,1,11,0,0,109,7.3,780,754,60,118,21,30,41.2
Connor Murphy,29.0,D,80,7,6,13,-10,69,3.3,5,0,2,0,6,0,0,85,8.2,1551,1163,160,165,0,0,0.0
Tyler Myers,32.0,D,78,1,16,17,-16,76,1.6,1,0,0,0,15,0,1,100,1.0,1631,1254,144,93,0,0,0.0
Vladislav Namestnikov,30.0,C,77,8,17,25,5,35,1.7,7,1,0,0,15,2,0,108,7.4,972,757,39,108,77,128,37.6
Martin Nečas,24.0,C,82,28,43,71,5,32,7.6,19,9,0,5,25,17,1,240,11.7,1510,1105,21,57,188,229,45.1
Jake Neighbours,20.0,LW,43,6,4,10,-19,24,-0.1,5,1,0,1,3,1,0,53,11.3,534,746,21,63,7,12,36.8
Brock Nelson,31.0,C,82,36,39,75,13,24,9.1,30,6,0,8,28,11,0,222,16.2,1512,1106,43,50,490,547,47.3
Patrik Nemeth,30.0,D,75,0,5,5,-7,30,1.0,0,0,0,0,5,0,0,62,0.0,1333,1066,118,116,0,0,0.0
Alex Newhook,22.0,C,82,14,16,30,0,22,2.3,13,1,0,3,15,1,0,116,12.1,1144,837,26,60,208,295,41.4
Valeri Nichushkin,27.0,RW,53,17,30,47,15,2,4.9,6,10,1,2,22,6,2,158,10.8,1074,1216,37,54,0,4,0.0
Nino Niederreiter,30.0,RW,78,24,17,41,-13,22,3.9,20,4,0,2,14,3,0,181,13.3,1270,977,33,165,8,5,61.5
Markus Niemeläinen,24.0,D,23,0,0,0,3,4,0.3,0,0,0,0,0,0,0,16,0.0,231,602,16,61,0,0,0.0
Matthew Nieto,30.0,LW,81,12,12,24,-15,16,1.2,12,0,0,2,11,1,0,115,10.4,1096,811,32,43,9,9,50.0
Stefan Noesen,29.0,RW,78,13,23,36,11,32,3.8,6,7,0,4,15,8,0,134,9.7,962,740,18,99,53,55,49.1
Tomáš Nosek,30.0,C,66,7,11,18,9,48,1.3,5,0,2,1,11,0,0,69,10.1,828,753,31,69,354,243,59.3
Thomas Novak,25.0,C,51,17,26,43,5,8,4.8,12,5,0,3,19,7,0,93,18.3,747,879,23,9,179,223,44.5
Ryan Nugent-Hopkins,29.0,C,82,37,67,104,12,35,10.9,21,15,1,3,26,38,3,201,18.4,1624,1188,26,48,308,374,45.2
Darnell Nurse,27.0,D,82,12,31,43,26,64,7.6,10,0,2,4,29,1,1,203,5.9,1927,1410,164,146,0,0,0.0
William Nylander,26.0,C,82,40,47,87,10,28,10.0,31,9,0,5,28,19,0,293,13.7,1520,1113,26,18,25,34,42.4
Gustav Nyquist,33.0,RW,51,11,16,27,-9,16,2.0,9,0,2,2,15,1,0,102,10.8,899,1057,30,41,14,18,43.8
Liam O'Brien,28.0,C,56,3,8,11,-5,114,0.0,3,0,0,0,8,0,0,39,7.7,640,686,28,203,4,11,26.7
Drew O'Connor,24.0,F,46,5,6,11,-3,12,0.7,5,0,0,0,6,0,0,62,8.1,452,589,14,63,18,21,46.2
Logan O'Connor,26.0,RW,82,9,17,26,11,37,1.8,7,0,2,0,16,0,1,104,8.7,1165,852,50,116,2,10,16.7
Ryan O'Reilly,31.0,C,53,16,14,30,-21,16,2.0,14,1,1,4,10,4,0,102,15.7,951,1076,23,18,499,396,55.8
Jordan Oesterle,30.0,D,52,2,9,11,-9,19,1.6,2,0,0,0,9,0,0,54,3.7,814,939,68,41,0,0,0.0
Kyle Okposo,34.0,RW,75,11,17,28,-7,34,1.5,9,1,1,3,14,3,0,150,7.3,1100,880,25,78,164,186,46.9
Jamie Oleksiak,30.0,D,75,9,16,25,13,62,4.8,9,0,0,2,16,0,0,76,11.8,1444,1155,115,126,0,0,0.0
Mathieu Olivier,25.0,F,66,5,10,15,-20,81,0.1,5,0,0,1,10,0,0,75,6.7,768,698,58,178,2,13,13.3
Fredrik Olofsson,26.0,LW,28,1,3,4,0,2,0.0,1,0,0,1,3,0,0,34,2.9,286,612,8,32,3,5,37.5
Victor Olofsson,27.0,RW,75,28,12,40,-23,4,3.7,21,7,0,5,7,5,0,161,17.4,1077,861,15,16,1,5,16.7
Dmitry Orlov,31.0,D,66,7,29,36,12,22,6.4,6,1,0,2,21,7,1,124,5.6,1488,1353,85,137,0,0,0.0
T.J. Oshie,36.0,C,58,19,16,35,-18,59,3.1,10,9,0,2,14,2,0,126,15.1,970,1003,34,125,83,97,46.1
Alex Ovechkin,37.0,LW,73,42,33,75,-16,48,8.5,28,14,0,3,22,11,0,294,14.3,1475,1212,23,188,4,5,44.4
Jean-Gabriel Pageau,30.0,C,70,13,27,40,-2,14,3.2,5,5,3,2,23,3,1,123,10.6,1233,1057,61,175,719,537,57.2
Ondřej Palát,31.0,LW,49,8,15,23,5,6,1.8,7,1,0,1,13,2,0,79,10.1,761,932,44,70,0,9,0.0
Kyle Palmieri,31.0,RW,55,16,17,33,13,24,3.8,13,3,0,3,15,2,0,122,13.1,940,1026,17,76,9,15,37.5
Artemi Panarin,31.0,LW,82,29,63,92,4,36,9.1,20,9,0,4,36,27,0,204,14.2,1608,1176,11,26,6,13,31.6
Colton Parayko,29.0,D,79,4,23,27,-19,30,2.5,4,0,0,1,20,2,1,133,3.0,1817,1380,144,115,0,0,0.0
Zach Parise,38.0,LW,82,21,13,34,7,24,3.6,16,3,2,2,11,1,1,182,11.5,1324,969,83,89,11,18,37.9
Juuso Pärssinen,21.0,C,45,6,19,25,-1,15,2.0,5,1,0,3,12,7,0,49,12.2,645,860,18,76,156,155,50.2
David Pastrňák,26.0,RW,82,61,52,113,34,38,15.1,43,18,0,13,33,19,0,407,15.0,1604,1174,33,91,8,11,42.1
Nick Paul,27.0,LW,80,17,15,32,11,33,2.9,12,4,1,4,15,0,0,120,14.2,1293,970,46,111,495,426,53.7
Joe Pavelski,38.0,C,82,28,49,77,42,8,9.3,15,13,0,2,34,14,1,184,15.2,1453,1063,64,93,368,321,53.4
Lane Pederson,25.0,F,27,3,3,6,-1,26,0.3,3,0,0,0,3,0,0,27,11.1,322,716,11,68,77,73,51.3
Andrew Peeke,24.0,D,80,6,7,13,-41,22,1.0,6,0,0,1,6,0,1,90,6.7,1700,1275,197,180,0,0,0.0
Adam Pelech,28.0,D,61,6,15,21,15,36,5.1,6,0,0,0,14,0,1,97,6.2,1321,1299,110,77,0,0,0.0
Jakob Pelletier,21.0,LW,24,3,4,7,-5,2,0.2,1,2,0,1,3,1,0,48,6.3,340,851,14,15,2,6,25.0
Nicklaus Perbix,24.0,D,69,5,15,20,11,22,4.0,5,0,0,2,15,0,0,111,4.5,1062,924,65,73,0,0,0.0
Cole Perfetti,21.0,C,51,8,22,30,10,16,2.8,7,1,0,0,18,4,0,90,8.9,763,898,22,35,3,8,27.3
David Perron,34.0,LW,82,24,32,56,-7,52,5.3,18,6,0,3,16,16,0,195,12.3,1387,1015,24,107,2,9,18.2
Corey Perry,37.0,RW,81,12,13,25,-28,95,0.9,6,6,0,3,7,6,0,116,10.3,937,694,25,48,0,0,0.0
Brett Pesce,28.0,D,82,5,25,30,11,43,6.4,4,1,0,2,20,3,2,144,3.5,1805,1321,110,37,0,0,0.0
John-Jason Peterka,21.0,RW,77,12,20,32,-15,26,1.7,10,2,0,1,17,3,0,125,9.6,1051,819,10,18,5,4,55.6
Jeff Petry,35.0,D,61,5,26,31,2,24,4.8,3,2,0,0,19,7,0,113,4.4,1363,1341,111,190,0,0,0.0
Elias Pettersson,24.0,C,80,39,63,102,16,14,10.9,28,6,5,6,40,19,4,257,15.2,1644,1233,89,74,442,555,44.3
Marcus Pettersson,26.0,D,68,1,23,24,4,58,3.9,1,0,0,0,23,0,0,96,1.0,1400,1235,131,133,0,0,0.0
Michael Pezzetta,24.0,C,63,7,8,15,-4,77,1.0,7,0,0,0,7,1,0,70,10.0,587,559,28,239,8,12,40.0
Alex Pietrangelo,33.0,D,73,11,43,54,13,16,8.6,10,1,0,3,28,13,2,170,6.5,1751,1439,177,65,1,0,100.0
Shane Pinto,22.0,C,82,20,15,35,-21,18,2.6,15,5,0,2,11,4,0,158,12.7,1310,959,49,71,449,413,52.1
Neal Pionk,27.0,D,82,10,23,33,-12,44,5.6,9,1,0,2,20,2,1,142,7.0,1799,1316,129,169,0,0,0.0
Rem Pitlick,25.0,C,46,6,9,15,-15,22,0.5,5,1,0,1,8,0,1,30,20.0,594,775,18,23,25,33,43.1
Tyler Pitlick,31.0,C,61,7,9,16,-1,14,1.1,7,0,0,0,9,0,0,54,13.0,615,605,29,103,2,2,50.0
Vasily Podkolzin,21.0,RW,39,4,3,7,-5,9,0.0,4,0,0,0,3,0,0,41,9.8,462,710,15,52,7,9,43.8
Ryan Poehling,24.0,C,53,7,7,14,-2,8,0.9,5,0,2,0,6,0,1,64,10.9,624,706,41,57,186,225,45.3
Brayden Point,26.0,C,82,51,44,95,2,7,11.2,31,20,0,9,34,10,0,235,21.7,1613,1180,37,37,417,405,50.7
Owen Power,20.0,D,79,4,31,35,10,24,5.3,4,0,0,1,22,8,1,130,3.1,1880,1428,86,27,0,0,0.0
Aliaksei Protas,22.0,C,58,4,11,15,-8,12,0.5,4,0,0,0,11,0,0,83,4.8,668,691,15,39,21,43,32.8
Ivan Provorov,26.0,D,82,6,21,27,-17,24,4.1,6,0,0,1,17,2,2,115,5.2,1888,1381,162,97,0,0,0.0
Jesse Puljujärvi,24.0,RW,75,5,11,16,-13,32,-0.1,5,0,0,1,11,0,0,125,4.0,917,734,26,139,0,2,0.0
Ryan Pulock,28.0,D,82,5,21,26,10,14,5.5,4,1,0,1,17,4,0,126,4.0,1714,1254,128,140,0,0,0.0
Jack Quinn,21.0,RW,75,14,23,37,-7,15,2.7,13,1,0,2,17,5,1,126,11.1,1039,831,19,43,11,22,33.3
Taylor Raddysh,24.0,RW,78,20,17,37,-28,16,2.8,13,7,0,1,9,8,0,129,15.5,1292,994,38,82,10,9,52.6
Rickard Rakell,29.0,RW,82,28,32,60,-5,16,5.7,17,11,0,2,22,10,0,243,11.5,1512,1106,53,141,10,11,47.6
Mikko Rantanen,26.0,RW,82,55,50,105,15,82,12.8,42,13,0,9,26,24,0,306,18.0,1822,1333,41,77,222,231,49.0
Michael Rasmussen,23.0,C,56,10,19,29,2,43,2.5,10,0,0,0,18,1,0,88,11.4,845,905,48,119,203,195,51.0
Lucas Raymond,20.0,LW,74,17,28,45,-17,24,3.4,12,5,0,4,14,14,0,134,12.7,1286,1043,20,43,5,12,29.4
Ryan Reaves,36.0,RW,73,5,10,15,-6,43,0.7,5,0,0,0,10,0,0,48,10.4,680,559,24,196,4,11,26.7
Lukas Reichel,20.0,LW,23,7,8,15,-8,6,1.4,7,0,0,0,5,3,0,42,16.7,376,982,15,7,5,8,38.5
Sam Reinhart,27.0,C,82,31,36,67,-12,12,5.9,15,16,0,5,22,11,3,227,13.7,1622,1187,49,58,236,230,50.6
Morgan Rielly,28.0,D,65,4,37,41,-9,21,4.9,3,1,0,1,21,16,0,126,3.2,1411,1302,85,70,0,0,0.0
Rasmus Ristolainen,28.0,D,74,3,17,20,-4,32,3.5,1,1,1,0,11,4,2,86,3.5,1408,1141,142,162,0,0,0.0
Brett Ritchie,29.0,RW,50,8,5,13,0,25,1.2,8,0,0,0,4,1,0,68,11.8,503,603,9,77,2,2,50.0
Nick Ritchie,27.0,LW,74,13,13,26,-21,53,1.2,9,4,0,2,7,6,0,120,10.8,1003,813,32,218,2,10,16.7
Jason Robertson,23.0,LW,82,46,63,109,37,20,13.9,33,13,0,7,35,28,0,313,14.7,1545,1130,19,57,0,1,0.0
Eric Robinson,27.0,LW,72,12,12,24,-21,6,1.3,12,0,0,1,10,0,2,98,12.2,1004,837,32,124,3,12,20.0
Evan Rodrigues,29.0,C,69,16,23,39,7,30,3.5,10,6,0,2,18,5,0,184,8.7,1232,1071,27,34,119,122,49.4
Alexander Romanov,23.0,D,76,2,20,22,13,43,4.8,2,0,0,0,19,0,1,100,2.0,1478,1167,129,198,0,0,0.0
Calle Rosén,28.0,D,49,8,10,18,19,8,4.3,8,0,0,2,10,0,0,62,12.9,764,936,51,16,0,0,0.0
Jack Roslovic,26.0,C,77,11,33,44,-14,10,3.0,7,2,2,2,25,7,1,123,8.9,1266,987,53,42,400,489,45.0
Matt Roy,27.0,D,82,9,17,26,8,22,5.2,8,0,1,2,16,0,1,135,6.7,1540,1127,153,119,0,0,0.0
Nicolas Roy,25.0,C,65,14,16,30,10,24,2.8,11,3,0,5,12,3,1,101,13.9,1059,978,41,83,369,399,48.0
Chad Ruhwedel,32.0,D,47,1,4,5,-4,18,0.9,1,0,0,0,4,0,0,36,2.8,685,874,51,90,0,0,0.0
Bryan Rust,30.0,RW,81,20,26,46,-4,31,3.8,18,2,0,2,16,9,1,211,9.5,1450,1074,50,98,5,5,50.0
Jan Rutta,32.0,D,56,3,6,9,3,30,2.2,3,0,0,0,6,0,0,64,4.7,959,1027,70,71,0,0,0.0
Adam Ružička,23.0,C,44,6,14,20,-1,8,1.6,4,2,0,2,10,4,0,64,9.4,509,695,8,28,83,91,47.7
Derek Ryan,36.0,C,80,13,7,20,11,28,1.8,11,0,2,0,6,0,1,92,14.1,893,670,42,54,217,217,50.0
Brandon Saad,30.0,LW,71,19,18,37,-8,12,3.1,15,2,2,1,15,2,1,127,15.0,1183,999,31,24,4,4,50.0
Dylan Samberg,24.0,D,63,2,6,8,10,25,2.9,2,0,0,0,5,0,1,49,4.1,940,896,93,91,0,0,0.0
Mattias Samuelsson,22.0,D,55,2,8,10,14,20,2.7,2,0,0,0,7,0,1,76,2.6,1220,1331,91,107,0,0,0.0
Jake Sanderson,20.0,D,77,4,28,32,-6,12,4.9,2,2,0,0,13,15,0,132,3.0,1688,1315,147,43,0,0,0.0
Rasmus Sandin,22.0,D,71,7,28,35,3,39,5.5,7,0,0,0,17,11,0,81,8.6,1372,1160,87,136,0,0,0.0
Travis Sanheim,26.0,D,81,7,16,23,-5,40,4.4,6,0,1,1,15,1,0,111,6.3,1653,1224,137,61,0,0,0.0
David Savard,32.0,D,62,3,17,20,-14,40,2.3,3,0,0,1,16,0,1,63,4.8,1388,1343,176,61,0,0,0.0
Mark Scheifele,29.0,C,81,42,26,68,-16,43,7.3,30,12,0,10,16,10,0,206,20.4,1659,1229,38,50,579,628,48.0
Brayden Schenn,31.0,C,82,21,44,65,-27,50,4.7,15,6,0,3,35,9,0,144,14.6,1511,1106,41,140,472,542,46.5
Luke Schenn,33.0,D,70,4,18,22,8,84,3.8,4,0,0,0,16,0,2,81,4.9,1145,981,98,318,0,0,0.0
Nick Schmaltz,26.0,C,63,22,36,58,4,20,5.6,16,6,0,2,29,6,1,132,16.7,1242,1183,28,12,40,60,40.0
Nate Schmidt,31.0,D,71,7,12,19,15,8,5.3,4,3,0,0,10,2,0,101,6.9,1311,1108,85,45,0,0,0.0
Braden Schneider,21.0,D,81,5,13,18,9,16,4.1,5,0,0,1,13,0,0,79,6.3,1273,943,130,147,0,0,0.0
Justin Schultz,32.0,D,73,7,27,34,4,40,4.8,6,1,0,4,15,12,0,98,7.1,1299,1067,72,30,0,0,0.0
Jaden Schwartz,30.0,C,71,21,19,40,-17,22,3.0,15,6,0,2,17,2,0,167,12.6,1237,1045,25,55,73,84,46.5
Lukáš Sedlák,29.0,C,30,3,5,8,4,12,0.6,3,0,0,0,4,0,1,44,6.8,366,732,31,58,88,102,46.3
Nick Seeler,29.0,D,77,4,10,14,1,56,3.1,4,0,0,0,9,0,1,84,4.8,1116,869,161,126,0,0,0.0
Tyler Seguin,31.0,C,76,21,29,50,3,24,4.9,13,7,1,3,24,4,1,189,11.1,1263,997,23,84,476,394,54.7
Moritz Seider,21.0,D,82,5,37,42,-11,40,6.1,3,1,1,1,22,14,1,140,3.6,1898,1389,190,207,0,0,0.0
Mikhail Sergachev,24.0,D,79,10,54,64,13,53,9.3,7,3,0,2,29,24,1,156,6.4,1881,1429,149,128,0,0,0.0
Damon Severson,28.0,D,81,7,26,33,9,38,5.6,5,1,1,2,23,3,0,102,6.9,1616,1197,115,44,0,0,0.0
Yegor Sharangovich,24.0,C,75,13,17,30,-3,16,2.1,11,0,2,2,15,0,2,131,9.9,1081,865,41,22,26,53,32.9
Kevin Shattenkirk,34.0,D,75,4,23,27,-20,56,3.0,3,1,0,0,16,7,0,145,2.8,1448,1158,115,79,0,0,0.0
Mason Shaw,24.0,C,59,7,10,17,-1,79,1.3,7,0,0,0,8,0,2,92,7.6,666,677,27,87,15,13,53.6
Conor Sheary,30.0,LW,82,15,22,37,9,22,3.4,11,2,2,1,17,5,0,154,9.7,1293,946,39,57,20,19,51.3
Kiefer Sherwood,27.0,RW,32,7,6,13,4,30,1.4,6,1,0,0,5,1,0,57,12.3,435,816,15,103,6,4,60.0
Devin Shore,28.0,C,47,1,8,9,6,4,0.4,1,0,0,0,8,0,0,33,3.0,421,538,24,46,89,86,50.9
Jonas Siegenthaler,25.0,D,80,4,17,21,27,44,5.4,3,1,0,1,17,0,0,84,4.8,1612,1209,151,101,0,0,0.0
Jakob Silfverberg,32.0,LW,81,10,16,26,-20,32,0.7,6,4,0,2,13,3,0,141,7.1,1230,911,51,10,18,34,34.6
Cole Sillinger,19.0,C,64,3,8,11,-23,22,-0.7,1,2,0,0,7,1,0,93,3.2,852,799,36,105,308,388,44.3
Radim Šimek,30.0,D,44,1,2,3,-13,29,0.1,1,0,0,0,2,0,0,39,2.6,643,877,74,89,0,0,0.0
Colton Sissons,29.0,C,82,12,18,30,-4,20,2.0,11,0,1,1,16,2,0,87,13.8,1298,950,72,164,593,515,53.5
Jeff Skinner,30.0,LW,79,35,47,82,15,29,9.3,27,8,0,3,34,13,0,242,14.5,1374,1044,14,21,142,158,47.3
Brady Skjei,28.0,D,81,18,20,38,7,40,8.2,13,4,1,3,17,3,0,188,9.6,1766,1309,62,71,0,0,0.0
Juraj Slafkovsky,18.0,LW,39,4,6,10,-13,33,0.1,3,1,0,0,5,1,0,42,9.5,476,733,24,53,5,5,50.0
Jaccob Slavin,28.0,D,76,7,20,27,18,8,6.7,7,0,0,1,19,0,1,131,5.3,1671,1320,103,36,0,0,0.0
Brendan Smith,33.0,D,60,0,5,5,3,63,1.3,0,0,0,0,4,0,1,58,0.0,933,933,76,102,0,0,0.0
Cole Smith,27.0,F,69,4,13,17,-3,60,0.6,4,0,0,1,11,0,2,64,6.3,879,765,25,198,0,5,0.0
Craig Smith,33.0,C,64,9,7,16,5,18,1.4,9,0,0,2,6,1,0,104,8.7,704,660,21,48,2,7,22.2
Givani Smith,24.0,RW,36,1,3,4,-2,72,-0.1,1,0,0,0,3,0,0,30,3.3,252,420,8,67,0,0,0.0
Reilly Smith,31.0,RW,78,26,30,56,11,16,6.1,16,6,4,4,26,4,0,180,14.4,1324,1018,32,69,4,3,57.1
Elmer Söderblom,21.0,RW,21,5,3,8,0,8,0.9,5,0,0,2,3,0,0,30,16.7,254,724,11,21,1,3,25.0
Victor Söderström,21.0,D,30,0,9,9,-3,24,1.0,0,0,0,0,6,3,0,31,0.0,485,970,39,17,0,0,0.0
Carson Soucy,28.0,D,78,3,13,16,18,68,3.7,3,0,0,0,11,0,2,87,3.4,1271,978,96,143,0,0,0.0
Daniel Sprong,25.0,RW,66,21,25,46,13,14,5.5,15,6,0,3,17,8,0,147,14.3,754,685,17,33,2,3,40.0
Jared Spurgeon,33.0,D,79,11,23,34,32,14,8.9,10,1,0,3,19,3,1,149,7.4,1723,1309,179,66,0,0,0.0
Eric Staal,38.0,C,72,14,15,29,-5,26,2.0,12,0,2,1,15,0,0,106,13.2,1025,854,45,27,343,400,46.2
Jordan Staal,34.0,C,81,17,17,34,7,32,3.3,16,0,1,3,16,0,1,124,13.7,1318,976,39,155,821,653,55.7
Marc Staal,36.0,D,82,3,12,15,10,43,3.0,3,0,0,0,12,0,0,55,5.5,1492,1092,122,152,0,0,0.0
Steven Stamkos,32.0,C,81,34,50,84,-5,46,8.4,20,14,0,6,29,21,0,240,14.2,1541,1141,51,92,501,430,53.8
Paul Stastny,37.0,C,73,9,13,22,4,16,1.9,7,2,0,3,11,2,0,80,11.3,867,712,18,21,280,206,57.6
Troy Stecher,28.0,D,81,3,11,14,-6,44,2.3,3,0,0,1,11,0,0,88,3.4,1326,982,92,70,0,0,0.0
Sam Steel,24.0,C,65,10,18,28,11,18,2.6,9,0,1,2,15,3,0,85,11.8,972,898,15,46,308,325,48.7
Kevin Stenlund,26.0,C,54,6,3,9,3,20,0.6,4,0,2,0,3,0,0,63,9.5,629,699,28,31,280,246,53.2
Derek Stepan,32.0,C,73,5,6,11,8,8,0.9,5,0,0,0,5,0,1,98,5.1,663,545,21,29,229,193,54.3
Chandler Stephenson,28.0,C,81,16,49,65,12,26,5.6,9,6,1,5,38,9,2,120,13.3,1540,1141,56,74,675,487,58.1
Riley Stillman,24.0,D,50,1,7,8,-13,36,0.3,1,0,0,0,7,0,0,37,2.7,732,879,44,81,0,0,0.0
Mark Stone,30.0,RW,43,17,21,38,11,10,4.3,12,3,2,1,15,6,0,113,15.0,833,1163,23,31,0,3,0.0
Michael Stone,32.0,D,48,6,5,11,2,35,2.4,6,0,0,1,3,2,0,92,6.5,639,799,59,54,0,0,0.0
Dylan Strome,25.0,C,81,23,42,65,-4,24,6.3,20,3,0,2,24,18,0,154,14.9,1352,1001,43,20,528,554,48.8
Ryan Strome,29.0,C,82,15,26,41,-30,79,1.9,14,1,0,2,23,3,0,130,11.5,1397,1022,24,29,402,516,43.8
Jack Studnicka,23.0,C,48,4,4,8,-12,16,-0.2,4,0,0,1,4,0,0,65,6.2,509,636,19,61,77,84,47.8
Nico Sturm,27.0,C,74,14,12,26,-13,23,1.7,13,0,1,1,12,0,0,119,11.8,1090,884,45,100,491,389,55.8
Tim Stützle,21.0,LW,78,39,51,90,-3,54,10.0,26,10,3,3,33,18,0,228,17.1,1659,1276,49,114,202,284,41.6
Oskar Sundqvist,28.0,C,67,10,18,28,-4,28,2.1,7,3,0,0,13,5,0,69,14.5,929,832,28,63,27,36,42.9
Pius Suter,26.0,F,79,14,10,24,-3,6,1.8,12,0,2,1,10,0,0,106,13.2,1111,844,37,39,214,243,46.8
Ryan Suter,38.0,D,82,3,22,25,0,26,4.4,3,0,0,1,17,4,1,92,3.3,1671,1223,115,81,0,0,0.0
Nick Suzuki,23.0,C,82,26,40,66,-13,33,5.4,16,7,3,2,30,10,0,162,16.0,1730,1266,56,50,663,738,47.3
Andrei Svechnikov,22.0,RW,64,23,32,55,6,71,6.1,18,5,0,4,21,11,0,205,11.2,1155,1083,17,140,4,5,44.4
Evgeny Svechnikov,26.0,LW,59,8,6,14,-6,26,0.9,8,0,0,0,6,0,0,64,12.5,634,645,21,100,6,6,50.0
Brandon Tanev,31.0,LW,82,16,19,35,21,44,3.5,15,0,1,3,19,0,0,115,13.9,1166,853,68,190,3,22,12.0
Chris Tanev,33.0,D,65,1,12,13,7,21,3.1,1,0,0,1,11,1,0,75,1.3,1308,1207,130,51,0,0,0.0
Vladimir Tarasenko,31.0,RW,69,18,32,50,-14,8,4.1,14,3,1,1,21,11,0,169,10.7,1159,1008,36,75,0,2,0.0
Tomáš Tatar,32.0,LW,82,20,28,48,41,30,5.9,19,1,0,1,25,3,0,153,13.1,1240,907,30,65,17,26,39.5
John Tavares,32.0,C,80,36,44,80,-7,34,8.5,18,18,0,9,23,21,0,277,13.0,1413,1059,36,112,726,519,58.3
Teuvo Teräväinen,28.0,F,68,12,25,37,11,16,3.5,5,5,2,2,18,6,1,144,8.3,1150,1015,18,15,33,20,62.3
Troy Terry,25.0,C,70,23,38,61,-8,22,5.5,18,5,0,3,31,7,0,188,12.2,1356,1162,23,12,2,0,100.0
Shea Theodore,27.0,D,55,8,33,41,16,18,6.8,6,2,0,2,26,7,0,136,5.9,1179,1286,86,16,0,0,0.0
Robert Thomas,23.0,C,73,18,47,65,-8,22,5.2,12,5,1,2,30,17,0,106,17.0,1412,1161,29,15,646,575,52.9
Tage Thompson,25.0,C,78,47,47,94,4,39,11.1,26,20,1,7,33,14,0,295,15.9,1450,1115,26,55,350,463,43.1
Chris Tierney,28.0,C,36,3,7,10,-8,6,0.3,3,0,0,0,6,0,1,19,15.8,391,652,21,15,111,125,47.0
Conor Timmins,24.0,D,27,2,12,14,-1,8,1.8,2,0,0,1,8,4,0,19,10.5,407,905,18,23,0,0,0.0
Jarred Tinordi,30.0,D,44,2,6,8,-17,40,0.7,2,0,0,1,6,0,0,32,6.3,724,987,68,139,0,0,0.0
Owen Tippett,23.0,RW,77,27,22,49,-17,16,4.7,19,8,0,4,18,4,0,231,11.7,1342,1046,69,125,19,11,63.3
Brady Tkachuk,23.0,LW,82,35,48,83,-10,126,8.9,24,11,0,6,30,18,0,347,10.1,1528,1118,9,242,370,395,48.4
Matthew Tkachuk,25.0,LW,79,40,69,109,29,123,12.3,26,14,0,6,46,22,1,322,12.4,1614,1226,31,68,13,16,44.8
Devon Toews,28.0,D,80,7,43,50,39,26,10.0,6,1,0,0,37,6,0,165,4.2,2009,1506,138,93,0,0,0.0
Jonathan Toews,34.0,C,53,15,16,31,-31,43,2.1,6,9,0,1,13,3,0,87,17.2,939,1063,23,9,594,347,63.1
Tyler Toffoli,30.0,C,82,34,39,73,16,28,8.6,24,10,0,4,24,15,0,268,12.7,1362,997,14,59,7,5,58.3
Eeli Tolvanen,23.0,RW,61,18,13,31,8,14,3.4,14,4,0,4,10,3,0,116,15.5,886,871,51,91,3,9,25.0
Philip Tomasino,21.0,C,31,5,13,18,5,6,1.7,1,4,0,0,11,2,0,54,9.3,483,936,16,28,10,8,55.6
Alexey Toropchenko,23.0,RW,69,10,9,19,6,12,1.6,9,0,1,0,9,0,0,86,11.6,833,725,46,122,2,6,25.0
Yakov Trenin,26.0,C,77,12,12,24,-7,47,1.5,10,0,2,2,10,2,0,140,8.6,1166,909,30,167,14,22,38.9
Vincent Trocheck,29.0,C,82,22,42,64,3,58,5.7,13,9,0,3,34,8,0,225,9.8,1584,1159,44,182,721,565,56.1
Jacob Trouba,28.0,D,82,8,22,30,7,63,5.8,5,2,1,2,18,3,1,199,4.0,1738,1272,196,218,0,1,0.0
Alex Tuch,26.0,RW,74,36,43,79,14,20,9.0,27,8,1,9,31,12,0,218,16.5,1417,1149,46,54,32,43,42.7
Tyler Tucker,22.0,D,26,1,3,4,-9,31,0.0,1,0,0,0,3,0,0,21,4.8,381,879,26,50,0,0,0.0
Urho Vaakanainen,24.0,D,23,0,2,2,-16,0,-0.6,0,0,0,0,2,0,0,27,0.0,379,987,28,18,0,0,0.0
Juuso Välimäki,24.0,D,78,4,30,34,-10,59,4.0,3,1,0,1,19,11,0,93,4.3,1418,1091,98,53,0,0,0.0
James van Riemsdyk,33.0,LW,61,12,17,29,-3,28,2.4,10,2,0,1,15,2,0,119,10.1,937,921,20,18,7,7,50.0
Trevor van Riemsdyk,31.0,D,75,7,16,23,10,15,5.1,7,0,0,0,15,1,0,97,7.2,1430,1144,160,21,0,0,0.0
Frank Vatrano,28.0,LW,81,22,19,41,-29,66,2.7,17,5,0,1,15,4,0,231,9.5,1351,1001,75,86,7,10,41.2
Joe Veleno,23.0,C,81,9,11,20,-12,30,0.8,8,1,0,1,8,3,0,85,10.6,1035,767,44,152,277,374,42.5
Carter Verhaeghe,27.0,C,81,42,31,73,10,46,8.7,35,7,0,2,25,6,0,275,15.3,1418,1050,31,29,20,21,48.8
Jimmy Vesey,29.0,LW,81,11,14,25,13,20,2.1,10,0,1,4,14,0,0,123,8.9,1102,817,40,98,4,14,22.2
Gabriel Vilardi,23.0,C,63,23,18,41,10,18,4.8,18,5,0,6,14,4,0,122,18.9,983,936,33,41,52,61,46.0
Marc-Édouard Vlasic,35.0,D,78,1,17,18,-14,16,2.3,1,0,0,0,17,0,0,67,1.5,1363,1048,116,45,0,0,0.0
Jakub Vrána,26.0,LW,25,11,5,16,3,10,2.1,7,4,0,2,5,0,0,63,17.5,364,873,6,14,2,5,28.6
Oliver Wahlstrom,22.0,RW,35,7,9,16,5,32,1.8,6,1,0,1,9,0,0,70,10.0,426,730,15,50,7,13,35.0
Nathan Walker,28.0,C,56,2,8,10,10,25,0.5,2,0,0,1,8,0,0,43,4.7,576,617,35,82,95,82,53.7
Sean Walker,28.0,D,70,3,10,13,-3,36,2.2,3,0,0,1,9,1,0,94,3.2,1038,890,104,77,0,0,0.0
Jake Walman,26.0,D,63,9,9,18,10,45,4.9,9,0,0,2,7,2,0,140,6.4,1242,1183,121,47,0,0,0.0
Austin Watson,31.0,LW,75,9,2,11,-7,123,0.5,6,0,3,2,2,0,0,79,11.4,767,614,61,165,7,8,46.7
MacKenzie Weegar,29.0,D,81,4,27,31,15,43,6.1,4,0,0,1,23,3,1,160,2.5,1709,1266,117,186,0,0,0.0
Alexander Wennberg,28.0,C,82,13,25,38,-7,20,1.8,9,4,0,3,20,5,0,101,12.9,1533,1122,63,43,627,748,45.6
Blake Wheeler,36.0,RW,72,16,39,55,-3,46,4.8,9,7,0,6,31,8,0,126,12.7,1227,1023,35,54,65,61,51.6
Colin White,26.0,C,68,8,7,15,0,12,1.0,8,0,0,0,7,0,0,64,12.5,655,578,29,61,84,111,43.1
Colton White,25.0,D,46,0,6,6,-17,8,0.0,0,0,0,0,6,0,0,30,0.0,668,872,37,34,0,0,0.0
Zach Whitecloud,26.0,D,59,5,7,12,10,41,3.2,5,0,0,1,7,0,0,64,7.8,1010,1027,97,90,0,0,0.0
Chris Wideman,33.0,D,46,0,6,6,-6,81,0.6,0,0,0,0,4,2,0,31,0.0,622,811,51,25,0,0,0.0
Tom Wilson,28.0,RW,33,13,9,22,-13,78,2.0,9,4,0,1,8,1,0,82,15.9,581,1057,30,97,5,10,33.3
Miles Wood,27.0,LW,76,13,14,27,1,76,2.3,11,2,0,2,13,1,0,167,7.8,920,726,19,100,1,5,16.7
Arber Xhekaj,22.0,D,51,5,8,13,-9,101,1.7,3,2,0,0,7,1,0,75,6.7,779,916,46,159,0,0,0.0
Kailer Yamamoto,24.0,RW,58,10,15,25,12,24,1.9,9,0,1,3,14,0,1,97,10.3,962,995,24,77,6,7,46.2
Jesse Ylönen,23.0,RW,37,6,10,16,-11,0,0.9,5,1,0,1,10,0,0,43,14.0,498,807,28,14,3,3,50.0
Cameron York,22.0,D,54,2,18,20,-1,18,3.2,2,0,0,0,14,3,1,42,4.8,1061,1179,69,44,0,0,0.0
Pavel Zacha,25.0,C,82,21,36,57,26,16,6.1,18,3,0,3,30,5,1,131,16.0,1317,963,21,67,134,162,45.3
Filip Zadina,23.0,RW,30,3,4,7,-5,10,0.2,3,0,0,2,4,0,0,51,5.9,393,786,15,22,2,4,33.3
Nikita Zadorov,27.0,D,82,14,7,21,10,80,5.6,14,0,0,2,6,1,0,130,10.8,1532,1121,75,174,0,0,0.0
Nikita Zaitsev,31.0,D,46,1,7,8,-9,20,1.1,1,0,0,0,7,0,0,20,5.0,757,988,72,95,0,0,0.0
Jakub Zbořil,25.0,D,22,1,3,4,-1,6,0.6,1,0,0,1,3,0,0,13,7.7,292,797,19,31,0,0,0.0
Trevor Zegras,21.0,C,81,23,42,65,-24,88,5.0,19,4,0,3,29,13,0,184,12.5,1525,1130,29,46,237,336,41.4
Fabian Zetterlund,23.0,W,67,6,17,23,-6,14,1.1,5,1,0,1,15,2,0,118,5.1,888,795,20,53,7,10,41.2
Mika Zibanejad,29.0,C,82,39,52,91,25,20,10.6,18,20,1,5,32,19,1,251,15.5,1637,1198,48,71,692,706,49.5
Artem Zub,27.0,D,53,3,7,10,2,39,2.5,3,0,0,0,7,0,0,41,7.3,1073,1215,67,131,0,0,0.0
Mats Zuccarello,35.0,LW,78,22,45,67,-3,26,6.2,13,9,0,3,25,20,0,198,11.1,1575,1212,51,51,24,36,40.0
Jason Zucker,31.0,LW,78,27,21,48,-4,47,5.0,25,2,0,5,14,7,0,197,13.7,1221,939,29,197,4,11,26.7
