PLAYER,HEIGHT,HANDED,DRAFTED,ixG,iSh,iCF,iFF,ixG60,iSh60,iCF60,iFF60,SF,SA,SF%,CF,CA,CF%,FF,FA,FF%,xGF,xGA,xGF%,SIGNING AGE,LENGTH,SIGNING,CAP HIT,CAP_HIT_%
Connor McDavid,185,0,1,46.02,326,495,410,1.59,11.24,17.07,14.14,1205,851,58.61,2118,1452,59.33,1626,1130,59.00,163.69,86.41,65.45,21,8,0,12500000,0.15151515151515152
Artemi Panarin,180,1,300,19.61,192,402,288,0.78,7.61,15.94,11.42,986,616,61.55,1889,1133,62.51,1425,844,62.80,113.85,66.27,63.21,27,7,1,11642857,0.1411255393939394
Auston Matthews,191,0,1,36.59,304,526,421,1.57,13.01,22.51,18.02,946,602,61.11,1741,1164,59.93,1342,855,61.08,124.32,69.62,64.09,21,5,0,11640250,0.14109393939393938
Erik Karlsson,183,1,15,11.13,200,477,274,0.34,6.13,14.62,8.40,1202,937,56.19,2272,1691,57.33,1673,1293,56.41,137.16,111.12,55.24,29,8,1,11500000,0.1393939393939394
Drew Doughty,185,1,2,8.30,138,277,190,0.25,4.13,8.32,5.71,1030,879,53.95,1877,1682,52.74,1422,1246,53.30,108.73,98.57,52.45,29,8,1,11000000,0.13333333333333333
John Tavares,185,0,1,42.18,255,428,361,1.91,11.52,19.32,16.30,864,556,60.85,1568,1051,59.87,1176,781,60.09,106.59,61.70,63.34,27,7,1,11000000,0.13333333333333333
Mitchell Marner,183,1,4,20.22,180,372,242,0.76,6.74,13.93,9.06,953,758,55.70,1737,1398,55.41,1309,1057,55.33,120.82,85.40,58.59,22,6,0,10903000,0.13215757575757575
Jonathan Toews,188,0,3,11.70,80,122,102,0.84,5.73,8.73,7.30,421,446,48.56,779,827,48.51,573,632,47.55,46.03,58.10,44.20,26,8,1,10500000,0.12727272727272726
Patrick Kane,178,0,1,18.60,221,358,285,0.82,9.76,15.81,12.58,746,713,51.13,1296,1290,50.12,1017,971,51.16,78.72,84.49,48.23,26,8,1,10500000,0.12727272727272726
Aleksander Barkov,191,0,2,21.95,192,320,257,0.99,8.61,14.37,11.54,921,622,59.69,1684,1045,61.71,1276,824,60.76,112.68,74.51,60.20,26,8,1,10000000,0.12121212121212122
Jack Eichel,188,1,2,20.78,212,335,264,1.06,10.79,17.05,13.44,744,560,57.06,1297,1130,53.44,985,780,55.81,79.09,58.32,57.56,21,8,0,10000000,0.12121212121212122
Anze Kopitar,191,0,11,19.07,154,270,221,0.73,5.90,10.34,8.46,876,690,55.94,1599,1381,53.66,1206,995,54.79,91.17,79.29,53.48,28,8,1,10000000,0.12121212121212122
Tyler Seguin,185,1,2,22.53,172,276,233,1.15,8.85,14.21,11.99,681,565,54.65,1267,1031,55.13,950,771,55.20,79.05,56.68,58.24,27,8,1,9850000,0.1193939393939394
Johnny Gaudreau,175,0,104,23.94,201,362,280,0.99,8.30,14.94,11.56,895,761,54.05,1693,1386,54.99,1271,1055,54.64,103.70,80.23,56.38,28,7,1,9750000,0.11818181818181818
Zachary Werenski,188,0,8,1.99,41,77,54,0.39,8.02,15.06,10.56,188,147,56.12,338,264,56.15,257,197,56.61,18.60,12.02,60.74,24,6,0,9583333,0.11616161212121212
Matthew Tkachuk,188,0,6,45.61,300,499,394,1.81,11.87,19.75,15.59,1271,671,65.45,2275,1146,66.50,1739,907,65.72,153.30,84.29,64.52,24,8,0,9500000,0.11515151515151516
Adam Fox,180,1,66,11.36,157,322,214,0.36,4.99,10.24,6.81,1170,845,58.06,2179,1501,59.21,1678,1132,59.72,140.22,93.02,60.12,24,7,0,9500000,0.11515151515151516
Charlie McAvoy,183,1,14,6.12,99,208,132,0.26,4.18,8.77,5.57,818,650,55.72,1482,1250,54.25,1099,929,54.19,87.73,70.78,55.35,24,8,0,9500000,0.11515151515151516
Brayden Point,178,1,79,35.06,218,363,295,1.39,8.65,14.40,11.70,1032,731,58.54,1875,1231,60.37,1420,936,60.27,127.91,77.38,62.31,26,8,0,9500000,0.11515151515151516
Seth Jones,193,1,4,9.31,164,303,223,0.34,6.06,11.20,8.24,865,840,50.73,1545,1566,49.66,1198,1180,50.38,88.95,101.78,46.64,27,8,1,9500000,0.11515151515151516
Mark Stone,191,1,178,18.82,113,190,152,1.36,8.14,13.68,10.95,535,374,58.86,962,746,56.32,711,516,57.95,57.27,37.77,60.26,27,8,1,9500000,0.11515151515151516
Nikita Kucherov,180,0,58,29.89,254,516,375,1.14,9.81,19.92,14.48,1064,746,58.78,1952,1245,61.06,1485,959,60.76,130.87,81.02,61.76,26,8,0,9500000,0.11515151515151516
Jamie Benn,188,0,129,25.44,179,308,237,1.27,8.92,15.34,11.81,741,642,53.58,1409,1113,55.87,1024,874,53.95,89.98,60.94,59.62,27,8,1,9500000,0.11515151515151516
Darnell Nurse,193,0,7,9.69,191,379,255,0.32,6.32,12.54,8.43,916,1035,46.95,1656,1845,47.30,1245,1435,46.46,101.95,106.56,48.89,27,8,1,9250000,0.11212121212121212
Mikko Rantanen,193,0,10,35.02,280,506,390,1.26,10.06,18.17,14.01,1168,826,58.58,2167,1414,60.51,1604,1093,59.47,127.29,78.75,61.78,22,6,0,9250000,0.11212121212121212
Nicklas Bäckström,185,0,4,7.37,53,106,70,0.78,5.61,11.21,7.40,308,231,57.14,608,457,57.09,432,334,56.40,34.68,30.43,53.26,32,5,1,9200000,0.11151515151515151
Roman Josi,185,0,38,17.42,269,542,357,0.62,9.57,19.29,12.70,1003,830,54.72,1994,1594,55.57,1442,1171,55.19,111.65,96.22,53.71,30,8,1,9059000,0.1098060606060606
Kirill Kaprizov,178,0,135,33.64,250,477,353,1.47,10.94,20.87,15.44,888,525,62.85,1690,982,63.25,1272,719,63.89,102.95,55.97,64.78,24,5,0,9000000,0.10909090909090909
Dougie Hamilton,198,1,9,12.69,262,531,353,0.45,9.34,18.92,12.58,1152,720,61.54,2134,1394,60.49,1584,1044,60.27,123.00,72.02,63.07,28,7,1,9000000,0.10909090909090909
Cale Makar,180,1,4,11.86,176,403,258,0.45,6.67,15.28,9.77,983,799,55.16,1842,1359,57.54,1353,1051,56.28,102.54,81.41,55.74,22,6,0,9000000,0.10909090909090909
Jeff Skinner,180,0,7,30.23,214,383,292,1.45,10.26,18.36,14.00,860,628,57.80,1542,1010,60.42,1162,817,58.72,94.94,69.78,57.64,27,8,1,9000000,0.10909090909090909
Alex Pietrangelo,191,1,4,9.06,151,298,208,0.34,5.66,11.17,7.80,885,873,50.34,1607,1749,47.88,1198,1204,49.88,101.55,97.65,50.98,30,7,1,8800000,0.10666666666666667
Patrik Laine,196,1,2,17.03,184,359,268,0.97,10.50,20.48,15.29,676,506,57.19,1285,943,57.68,970,726,57.19,73.77,56.47,56.64,24,4,0,8700000,0.10545454545454545
Sidney Crosby,180,0,1,32.47,239,414,327,1.25,9.22,15.98,12.62,1067,759,58.43,2077,1344,60.71,1524,1023,59.84,136.97,81.72,62.63,25,12,1,8700000,0.10545454545454545
Filip Forsberg,185,1,11,18.09,157,322,242,1.24,10.79,22.13,16.63,553,399,58.09,1073,765,58.38,808,570,58.64,63.07,48.28,56.64,27,8,1,8500000,0.10303030303030303
Mika Zibanejad,188,1,6,29.28,239,417,351,1.13,9.27,16.18,13.62,938,737,56.00,1730,1376,55.70,1344,1015,56.97,114.35,85.02,57.36,29,8,1,8500000,0.10303030303030303
Leon Draisaitl,188,0,3,31.68,238,404,335,1.15,8.69,14.75,12.23,1147,799,58.94,1973,1368,59.05,1522,1083,58.43,147.47,83.61,63.82,21,8,0,8500000,0.10303030303030303
Steven Stamkos,185,1,1,31.70,228,425,324,1.32,9.48,17.68,13.48,903,692,56.61,1681,1236,57.63,1268,935,57.56,109.44,76.91,58.73,26,8,1,8500000,0.10303030303030303
Sebastian Aho,183,0,35,30.56,207,352,292,1.37,9.27,15.78,13.09,906,592,60.48,1694,1004,62.79,1312,791,62.39,104.85,67.56,60.81,21,5,0,8460250,0.10254848484848485
Miro Heiskanen,185,0,3,11.85,199,421,270,0.38,6.38,13.50,8.66,1109,901,55.17,2148,1612,57.13,1560,1234,55.83,125.47,90.21,58.17,21,8,0,8450000,0.10242424242424242
Blake Wheeler,196,1,5,20.01,123,241,188,1.02,6.30,12.34,9.61,661,543,54.90,1340,965,58.13,999,749,57.15,81.39,61.39,57.00,32,5,1,8250000,0.1
Oliver Ekman-Larsson,188,0,6,2.91,90,197,127,0.16,4.96,10.85,6.99,504,590,46.07,929,1028,47.47,699,796,46.76,48.69,59.36,45.06,27,8,1,8250000,0.1
Jakub Voracek,188,0,7,1.74,17,27,21,0.59,5.81,9.23,7.18,101,106,48.79,183,184,49.86,143,144,49.83,10.44,10.27,50.41,25,8,1,8250000,0.1
Brady Tkachuk,193,0,4,48.70,325,525,454,2.02,13.57,21.92,18.96,1037,631,62.17,1964,1135,63.38,1476,866,63.02,135.24,70.55,65.72,21,7,0,8205714,0.0994632
Tomas Hertl,188,0,17,28.97,173,322,243,1.23,7.33,13.63,10.29,875,688,55.98,1684,1222,57.95,1213,925,56.74,104.49,78.54,57.09,28,8,1,8137500,0.09863636363636363
Jack Hughes,180,0,1,38.70,321,521,399,1.59,13.18,21.39,16.38,1007,595,62.86,1875,1108,62.86,1376,834,62.26,117.49,65.31,64.27,21,8,0,8000000,0.09696969696969697
Thomas Chabot,188,0,18,9.23,165,355,228,0.33,5.83,12.54,8.06,1068,810,56.87,1978,1475,57.28,1491,1107,57.39,123.52,81.65,60.20,23,8,0,8000000,0.09696969696969697
Jacob Trouba,191,1,9,8.26,194,351,246,0.3,7.02,12.71,8.9,823,844,49.37,1507,1639,47.9,1135,1186,48.9,77.91,89.52,46.53,25,7,0,8000000,0.09696969696969697
Matt Duchene,180,0,3,20.53,168,319,239,0.95,7.76,14.74,11.04,800,622,56.26,1555,1182,56.81,1147,902,55.98,87.81,72.59,54.74,28,7,1,8000000,0.09696969696969697
Logan Couture,185,0,9,26.46,186,317,259,1.09,7.67,13.08,10.68,760,724,51.21,1427,1455,49.51,1068,1059,50.21,97.76,96.28,50.38,30,8,1,8000000,0.09696969696969697
John Carlson,191,1,27,7.43,115,233,175,0.54,8.43,17.07,12.82,546,407,57.29,990,763,56.47,763,555,57.89,59.99,47.76,55.68,28,8,1,8000000,0.09696969696969697
Ryan Johansen,191,1,4,14.74,86,154,128,1.02,5.96,10.68,8.88,542,396,57.78,1085,714,60.31,799,546,59.41,62.28,45.69,57.68,24,8,0,8000000,0.09696969696969697
Brent Burns,196,1,20,11.15,231,502,332,0.38,7.87,17.11,11.31,1109,749,59.69,2163,1317,62.16,1628,1035,61.13,125.01,84.98,59.53,32,8,1,8000000,0.09696969696969697
Joshua Norris,185,0,19,2.39,15,32,23,1,6.25,13.34,9.59,96,78,55.17,169,139,54.87,127,111,53.36,11.53,8.69,57.02,23,8,0,7950000,0.09636363636363636
Kevin Fiala,178,0,11,27.44,208,361,272,1.36,10.28,17.84,13.44,749,504,59.78,1377,967,58.75,1012,719,58.46,84.44,54.55,60.75,25,7,0,7875000,0.09545454545454546
Nick Suzuki,180,1,13,17.39,149,276,201,0.64,5.48,10.14,7.39,809,844,48.94,1521,1556,49.43,1114,1145,49.31,87.99,108.26,44.84,22,8,0,7875000,0.09545454545454546
Victor Hedman,198,0,2,9.47,176,378,270,0.33,6.17,13.25,9.46,992,935,51.48,1822,1645,52.55,1385,1238,52.8,105.52,102.59,50.7,25,8,1,7875000,0.09545454545454546
Shea Weber,193,1,49,0,0,0,0,0,0,0,0,,,0,,,0,,,0,0,0,0,26,14,0,7857143,0.09523809696969697
Quinn Hughes,178,0,7,6.81,145,338,204,0.22,4.72,10.99,6.64,1063,792,57.3,2018,1441,58.34,1488,1100,57.5,114.27,91.43,55.55,21,6,0,7850000,0.09515151515151515
Evgeny Kuznetsov,188,0,26,16.77,165,308,231,0.73,7.2,13.45,10.09,722,696,50.92,1429,1249,53.36,1051,963,52.18,79.97,89.12,47.29,25,8,0,7800000,0.09454545454545454
Jason Robertson,188,0,39,33.35,292,529,389,1.39,12.16,22.03,16.2,1009,583,63.38,1907,1096,63.5,1388,819,62.89,123.85,56.74,68.58,22,4,0,7750000,0.09393939393939393
Sean Couturier,191,0,8,0,0,0,0,0,0,0,0,,,0,,,0,,,0,0,0,0,29,8,1,7750000,0.09393939393939393
Andrei Svechnikov,188,0,2,26.97,205,411,318,1.4,10.64,21.34,16.51,790,467,62.85,1602,803,66.61,1189,639,65.04,95.55,50.08,65.61,21,8,0,7750000,0.09393939393939393
Jared Spurgeon,175,1,156,9.61,140,272,200,0.35,5.13,9.97,7.33,796,865,47.92,1522,1732,46.77,1132,1211,48.31,87.21,90.98,48.94,30,7,1,7575000,0.09181818181818181
Morgan Rielly,185,0,5,7.55,116,222,158,0.35,5.3,10.14,7.22,785,608,56.35,1452,1156,55.67,1099,856,56.21,95.98,67.97,58.54,28,8,1,7500000,0.09090909090909091
Aaron Ekblad,193,1,1,14.12,203,349,261,0.55,7.95,13.67,10.22,967,799,54.76,1698,1389,55,1299,1086,54.47,104.02,93.16,52.75,20,8,0,7500000,0.09090909090909091
Vladimir Tarasenko,183,0,16,17.98,158,285,218,1.01,8.84,15.94,12.19,578,532,52.07,1063,995,51.65,818,764,51.71,60.86,64.34,48.61,23,8,0,7500000,0.09090909090909091
Ryan O'Reilly,185,0,33,12.17,98,157,125,0.85,6.82,10.92,8.69,450,464,49.23,800,818,49.44,613,643,48.81,45.83,55.66,45.16,25,7,1,7500000,0.09090909090909091
Elias Pettersson,188,0,5,32.08,242,462,354,1.27,9.58,18.28,14.01,896,690,56.49,1671,1266,56.89,1266,956,56.98,110.63,80.29,57.95,22,3,0,7350000,0.0890909090909091
Nico Hischier,185,0,1,36.81,245,396,327,1.51,10.02,16.19,13.37,950,664,58.86,1733,1286,57.4,1298,942,57.95,117.34,74.2,61.26,21,7,0,7250000,0.08787878787878788
Clayton Keller,178,0,7,23.08,205,354,278,0.87,7.71,13.32,10.46,825,763,51.95,1507,1352,52.71,1152,1052,52.27,91.16,86.33,51.36,21,8,0,7150000,0.08666666666666667
Kyle Connor,185,0,17,32.11,261,475,360,1.22,9.89,18,13.64,945,737,56.18,1839,1307,58.46,1396,1004,58.17,115.79,82.64,58.35,22,7,0,7142857,0.08658008484848485
Kevin Hayes,196,0,24,17.57,197,367,280,0.8,8.92,16.62,12.68,764,667,53.39,1472,1222,54.64,1086,910,54.41,74.86,73.56,50.44,27,7,1,7142857,0.08658008484848485
Nazem Kadri,183,0,7,27.22,249,460,356,1.23,11.29,20.86,16.14,860,552,60.91,1675,1008,62.43,1242,767,61.82,95.69,61.66,60.81,31,7,1,7000000,0.08484848484848485
John Klingberg,191,1,131,6.07,100,238,152,0.28,4.76,11.32,7.23,680,788,46.32,1246,1281,49.31,947,1007,48.46,70.48,83.96,45.64,29,1,1,7000000,0.08484848484848485
Gabriel Landeskog,185,0,2,0,0,0,0,0,0,0,0,,,0,,,0,,,0,0,0,0,28,8,1,7000000,0.08484848484848485
Mathew Barzal,183,1,16,15.55,139,254,195,0.86,7.68,14.04,10.78,719,450,61.51,1396,848,62.21,1016,639,61.39,77.75,51.99,59.93,23,3,0,7000000,0.08484848484848485
Anders Lee,191,0,152,34.7,199,308,279,1.55,8.88,13.74,12.45,864,610,58.62,1667,1157,59.03,1225,851,59.01,102.05,68.81,59.73,28,7,1,7000000,0.08484848484848485
Max Pacioretty,188,0,22,2.34,16,34,26,2.06,14.07,29.9,22.87,47,24,66.2,109,45,70.78,79,33,70.54,5.38,4.95,52.08,30,4,1,7000000,0.08484848484848485
James van Riemsdyk,191,0,2,13.84,101,171,138,0.97,7.1,12.03,9.71,464,374,55.37,894,691,56.4,657,516,56.01,48.36,39.06,55.32,29,5,1,7000000,0.08484848484848485
Marc-Édouard Vlasic,185,0,35,3.05,63,171,107,0.14,2.86,7.76,4.84,534,733,42.15,1026,1485,40.86,763,1085,41.29,54.87,74.06,42.55,31,8,1,7000000,0.08484848484848485
William Nylander,183,1,8,32.52,264,470,366,1.38,11.19,19.93,15.52,985,612,61.68,1789,1192,60.01,1377,877,61.09,123.9,71.16,63.52,22,6,0,6962366,0.08439231515151516
Brent Seabrook,191,1,14,0,0,0,0,0,0,0,0,,,0,,,0,,,0,0,0,0,31,8,1,6875000,0.08333333333333333
Ivan Provorov,185,0,7,5.54,110,242,165,0.19,3.77,8.3,5.66,759,1014,42.81,1426,1963,42.08,1050,1420,42.51,73.22,116.11,38.67,22,6,0,6750000,0.08181818181818182
Ryan McDonagh,185,0,12,4.79,69,161,110,0.21,3.03,7.06,4.83,563,858,39.61,1097,1676,39.56,814,1217,40.08,65.31,93.93,41.01,30,7,1,6750000,0.08181818181818182
David Pastrnak,183,1,25,40.49,374,674,496,1.6,14.8,26.67,19.63,1002,667,60.04,1799,1194,60.11,1348,903,59.88,118.31,64.23,64.81,21,6,0,6666667,0.08080808484848485
Brock Boeser,185,1,23,19.69,150,271,209,1.01,7.7,13.91,10.73,691,523,56.92,1290,971,57.05,972,747,56.54,73.75,61.02,54.72,25,3,0,6650000,0.08060606060606061
Claude Giroux,180,1,22,20.88,196,332,271,0.87,8.17,13.83,11.29,936,710,56.87,1764,1287,57.82,1318,981,57.33,109.95,78.51,58.34,34,3,1,6500000,0.07878787878787878
Hampus Lindholm,191,0,6,8.66,151,285,192,0.3,5.19,9.78,6.59,983,842,53.86,1751,1547,53.09,1320,1157,53.29,99.83,77.43,56.32,28,8,1,6500000,0.07878787878787878
Colton Parayko,198,1,86,5.3,126,245,176,0.19,4.43,8.61,6.19,694,929,42.76,1303,1687,43.58,985,1289,43.32,68.09,91.85,42.58,29,8,1,6500000,0.07878787878787878
Sam Reinhart,185,1,2,36.07,213,385,313,1.42,8.36,15.13,12.3,1041,701,59.76,1905,1235,60.67,1463,960,60.38,128.26,81.87,61.04,25,3,0,6500000,0.07878787878787878
Brendan Gallagher,175,1,147,8.34,73,145,102,1.1,9.6,19.07,13.41,222,191,53.75,437,390,52.84,311,274,53.16,21.08,25.53,45.23,29,6,1,6500000,0.07878787878787878
Torey Krug,175,0,300,6.24,116,228,163,0.35,6.47,12.71,9.09,629,534,54.08,1158,970,54.42,874,752,53.75,59.22,67.39,46.77,29,7,1,6500000,0.07878787878787878
Chris Kreider,191,0,19,37.42,219,365,321,1.64,9.61,16.01,14.08,870,604,59.02,1589,1142,58.18,1241,854,59.24,104.77,67.51,60.81,29,7,1,6500000,0.07878787878787878
Brayden Schenn,185,0,5,18.98,135,269,201,0.8,5.7,11.36,8.49,708,754,48.43,1318,1364,49.14,983,1052,48.3,72.28,87.5,45.24,28,8,1,6500000,0.07878787878787878
Justin Faulk,183,1,37,11.86,187,338,241,0.39,6.2,11.21,7.99,910,1012,47.35,1581,1861,45.93,1225,1445,45.88,89.92,110.97,44.76,28,7,1,6500000,0.07878787878787878
Cam Fowler,188,0,12,7.06,123,270,171,0.23,4,8.77,5.56,911,1176,43.65,1669,1996,45.54,1268,1602,44.18,97.13,123.89,43.95,26,8,1,6500000,0.07878787878787878
Alex DeBrincat,170,1,39,27.92,250,443,325,1.13,10.21,18.09,13.27,983,700,58.41,1799,1268,58.66,1344,946,58.69,112.70,74.14,60.32,22,3,0,6400000,0.07757575757575758
Sean Monahan,188,0,6,7.85,55,84,70,1.08,7.60,11.61,9.67,242,235,50.73,440,385,53.33,325,301,51.92,25.65,31.04,45.25,21,7,0,6375000,0.07727272727272727
Nathan MacKinnon,183,1,1,29.55,329,560,426,1.24,13.85,23.57,17.93,1025,680,60.12,1889,1146,62.24,1394,890,61.03,107.47,65.47,62.14,20,7,0,6300000,0.07636363636363637
Mattias Ekholm,193,0,102,7.17,127,269,183,0.27,4.84,10.27,6.99,773,853,47.54,1469,1512,49.28,1092,1151,48.68,84.22,88.67,48.71,32,4,1,6250000,0.07575757575757576
Jeff Petry,191,1,45,4.80,106,234,152,0.23,5.09,11.25,7.31,710,712,49.93,1286,1260,50.51,972,941,50.81,76.31,68.69,52.63,33,4,1,6250000,0.07575757575757576
Joshua Morrissey,183,0,13,11.83,161,366,249,0.40,5.39,12.25,8.33,1070,880,54.87,2022,1563,56.40,1534,1188,56.36,126.07,92.64,57.64,25,8,0,6250000,0.07575757575757576
Ryan Ellis,178,1,11,0.00,0,0,0,0.00,0.00,0.00,0.00,,,0.00,,,0.00,,,0.00,0.00,0.00,0.00,28,8,1,6250000,0.07575757575757576
Ryan Pulock,188,1,15,4.72,120,279,172,0.17,4.44,10.31,6.36,760,862,46.86,1427,1648,46.41,1048,1209,46.43,78.45,90.67,46.39,27,8,1,6150000,0.07454545454545454
Valeri Nichushkin,193,0,10,16.66,137,224,183,1.08,8.86,14.51,11.85,565,442,56.11,1043,773,57.43,786,597,56.83,60.51,48.70,55.41,27,8,1,6125000,0.07424242424242425
Brad Marchand,175,0,71,21.71,171,313,232,1.03,8.14,14.89,11.04,853,555,60.58,1561,1011,60.69,1165,776,60.02,97.02,59.06,62.16,29,8,1,6125000,0.07424242424242425
Mark Scheifele,191,1,7,31.92,194,343,283,1.21,7.37,13.03,10.75,960,776,55.30,1850,1339,58.01,1382,1059,56.62,112.49,81.23,58.07,23,8,0,6125000,0.07424242424242425
Dylan Larkin,185,0,15,28.12,233,437,331,1.14,9.52,17.88,13.54,888,731,54.85,1575,1353,53.79,1204,1002,54.58,101.50,77.67,56.65,21,5,0,6100000,0.07393939393939394
Pierre-Luc Dubois,191,0,3,29.82,191,352,289,1.41,9.02,16.63,13.65,757,575,56.83,1517,1030,59.56,1162,770,60.14,97.27,63.34,60.56,24,1,0,6000000,0.07272727272727272
Ondrej Palat,180,0,208,8.63,75,139,101,0.73,6.39,11.84,8.60,440,297,59.70,806,599,57.37,583,430,57.55,43.79,29.67,59.61,31,5,1,6000000,0.07272727272727272
Rasmus Dahlin,191,0,1,14.48,189,346,245,0.48,6.23,11.41,8.08,1125,878,56.17,1982,1527,56.48,1506,1205,55.55,120.14,96.52,55.45,21,3,0,6000000,0.07272727272727272
Taylor Hall,185,0,1,17.52,143,246,189,1.12,9.25,15.91,12.23,572,399,58.91,1038,778,57.16,777,569,57.73,55.13,35.97,60.52,29,4,1,6000000,0.07272727272727272
Jonas Brodin,185,0,10,3.36,84,169,115,0.16,3.91,7.87,5.35,574,674,45.99,1135,1305,46.52,831,957,46.48,59.22,70.44,45.67,27,7,1,6000000,0.07272727272727272
Tyler Myers,203,1,12,5.00,96,207,136,0.20,3.80,8.19,5.39,640,891,41.80,1142,1622,41.32,866,1214,41.63,62.45,89.18,41.19,29,5,1,6000000,0.07272727272727272
Timo Meier,183,0,9,34.89,314,570,441,1.47,13.22,23.99,18.55,910,628,59.17,1744,1163,59.99,1267,870,59.29,104.39,70.15,59.81,22,4,0,6000000,0.07272727272727272
Mats Zuccarello,173,0,300,19.14,187,356,261,0.77,7.52,14.32,10.50,955,624,60.48,1814,1174,60.71,1367,869,61.14,111.32,66.04,62.76,31,5,1,6000000,0.07272727272727272
Brock Nelson,191,0,30,27.49,212,396,286,1.13,8.83,16.48,11.91,873,728,54.53,1656,1316,55.72,1210,1002,54.70,101.52,77.73,56.63,27,6,1,6000000,0.07272727272727272
Jake Guentzel,180,0,77,40.14,236,428,332,1.63,9.61,17.43,13.52,1007,751,57.28,1974,1338,59.60,1446,1011,58.85,128.82,81.31,61.30,24,5,0,6000000,0.07272727272727272
Matt Dumba,183,1,7,5.67,90,240,149,0.21,3.41,9.09,5.65,710,865,45.08,1371,1588,46.33,1017,1181,46.27,65.69,82.90,44.21,23,5,0,6000000,0.07272727272727272
Nikolaj Ehlers,183,0,9,11.53,123,268,193,1.06,11.35,24.73,17.80,418,281,59.80,861,498,63.36,650,392,62.38,51.38,30.87,62.47,22,7,0,6000000,0.07272727272727272
Kyle Okposo,183,1,7,14.33,138,218,173,0.86,8.27,13.07,10.37,468,492,48.75,880,869,50.31,636,675,48.51,43.08,52.33,45.15,28,7,1,6000000,0.07272727272727272
Milan Lucic,191,0,50,9.36,71,139,104,0.69,5.22,10.22,7.64,436,386,53.04,859,722,54.33,607,548,52.55,37.02,36.72,50.20,28,7,1,6000000,0.07272727272727272
Erik Johnson,193,1,1,2.89,85,154,106,0.18,5.26,9.53,6.57,460,592,43.73,814,1048,43.72,594,794,42.80,37.76,56.51,40.06,28,7,1,6000000,0.07272727272727272
Jordan Staal,193,0,2,17.23,110,181,152,0.85,5.41,8.91,7.48,573,538,51.58,1157,982,54.09,852,760,52.85,60.77,69.19,46.76,23,10,1,6000000,0.07272727272727272
Nate Schmidt,183,0,300,5.64,94,237,149,0.27,4.49,11.33,7.12,605,568,51.58,1207,1086,52.64,880,830,51.46,67.15,57.46,53.89,27,6,1,5950000,0.07212121212121213
William Karlsson,183,0,53,21.25,149,269,216,0.96,6.72,12.14,9.74,763,660,53.62,1384,1305,51.47,1044,925,53.02,85.86,74.88,53.42,26,8,0,5900000,0.07151515151515152
Jonathan Huberdeau,185,0,3,18.00,118,220,175,0.86,5.67,10.57,8.41,799,497,61.65,1532,939,62.00,1129,704,61.59,87.73,52.88,62.39,24,6,0,5900000,0.07151515151515152
Neal Pionk,183,1,300,7.06,134,279,204,0.25,4.76,9.92,7.25,821,905,47.57,1607,1637,49.54,1232,1236,49.92,94.64,94.29,50.09,25,4,0,5875000,0.07121212121212121
Cam Atkinson,173,1,157,0.00,0,0,0,0.00,0.00,0.00,0.00,,,0.00,,,0.00,,,0.00,0.00,0.00,0.00,29,7,1,5875000,0.07121212121212121
Nick Schmaltz,183,1,20,14.74,118,224,172,0.78,6.23,11.83,9.08,605,549,52.43,1105,985,52.87,853,765,52.72,67.72,62.34,52.07,23,7,0,5850000,0.07090909090909091
Adam Henrique,183,0,82,18.20,122,207,163,1.05,7.05,11.96,9.42,555,628,46.91,1012,1104,47.83,755,867,46.55,64.04,73.54,46.55,29,5,1,5825000,0.0706060606060606
Andrew Mangiapane,178,0,166,25.32,173,326,244,1.17,8.00,15.07,11.28,830,535,60.81,1595,1024,60.90,1177,773,60.36,87.50,60.62,59.07,26,3,0,5800000,0.0703030303030303
Pavel Buchnevich,191,0,75,17.03,118,215,173,0.89,6.18,11.25,9.06,607,623,49.35,1096,1109,49.71,838,888,48.55,70.23,73.81,48.75,26,4,0,5800000,0.0703030303030303
Esa Lindell,191,0,74,6.61,105,212,136,0.26,4.16,8.39,5.38,646,865,42.75,1199,1691,41.49,884,1242,41.58,73.22,88.64,45.24,25,6,0,5800000,0.0703030303030303
Adam Pelech,191,0,65,4.51,84,205,135,0.22,4.09,9.99,6.58,560,668,45.60,1058,1322,44.45,769,959,44.50,59.24,75.65,43.92,26,8,0,5750000,0.0696969696969697
T.J. Oshie,183,1,24,19.16,126,228,187,1.19,7.79,14.10,11.57,548,455,54.64,1074,807,57.10,782,622,55.70,61.98,56.80,52.18,30,8,1,5750000,0.0696969696969697
Anthony Mantha,196,0,20,12.99,119,203,156,0.82,7.49,12.79,9.83,493,420,54.00,950,825,53.52,689,609,53.08,46.14,41.35,52.74,25,4,0,5700000,0.06909090909090909
Andrew Copp,185,0,104,13.63,109,189,149,0.59,4.75,8.24,6.50,577,765,43.00,1098,1429,43.45,805,1086,42.57,63.20,83.24,43.16,27,5,1,5625000,0.06818181818181818
Vincent Trocheck,178,1,64,29.13,215,393,316,1.15,8.60,15.71,12.64,933,628,59.77,1781,1207,59.61,1345,879,60.48,107.87,67.73,61.43,28,7,1,5625000,0.06818181818181818
Jake Muzzin,191,0,141,0.33,8,19,12,0.30,7.18,17.05,10.77,32,28,53.33,64,74,46.38,41,49,45.56,2.52,3.50,41.86,31,4,1,5625000,0.06818181818181818
André Burakovsky,191,0,23,9.19,105,206,147,0.68,7.77,15.24,10.87,463,355,56.60,851,665,56.13,635,504,55.75,43.46,42.42,50.61,27,5,1,5500000,0.06666666666666667
Adrian Kempe,188,0,29,23.63,228,420,317,0.98,9.47,17.44,13.16,819,619,56.95,1484,1203,55.23,1126,876,56.24,85.33,66.95,56.03,25,4,0,5500000,0.06666666666666667
Jaden Schwartz,178,0,14,23.16,158,274,208,1.21,8.24,14.29,10.85,613,425,59.06,1178,848,58.14,858,636,57.43,66.73,48.90,57.71,29,5,1,5500000,0.06666666666666667
Phillip Danault,185,0,26,17.76,144,239,192,0.75,6.12,10.16,8.16,789,674,53.93,1434,1326,51.96,1084,942,53.50,82.91,72.04,53.51,28,6,1,5500000,0.06666666666666667
Zach Hyman,185,1,123,48.26,263,410,351,1.92,10.49,16.35,14.00,1052,733,58.94,1848,1269,59.29,1408,1011,58.21,139.93,75.23,65.03,29,7,1,5500000,0.06666666666666667
Josh Anderson,191,1,95,24.49,164,281,230,1.26,8.41,14.41,11.79,570,681,45.56,1058,1272,45.41,774,936,45.26,65.31,78.41,45.45,26,7,0,5500000,0.06666666666666667
Travis Konecny,178,1,24,21.99,177,330,249,1.21,9.77,18.22,13.75,596,604,49.67,1154,1122,50.70,835,846,49.67,60.57,77.19,43.97,22,6,0,5500000,0.06666666666666667
Gustav Nyquist,180,0,121,12.25,97,153,125,0.86,6.81,10.74,8.77,441,517,46.03,835,942,46.99,611,704,46.46,47.10,53.39,46.87,29,4,1,5500000,0.06666666666666667
Jordan Eberle,180,1,22,18.92,165,299,231,0.90,7.88,14.28,11.03,685,510,57.32,1358,1018,57.15,997,774,56.30,75.67,57.32,56.90,29,5,1,5500000,0.06666666666666667
Jason Zucker,180,0,59,28.94,189,323,271,1.51,9.89,16.89,14.18,757,550,57.92,1335,950,58.42,1028,727,58.58,81.29,51.36,61.28,26,5,0,5500000,0.06666666666666667
Bo Horvat,183,0,9,29.75,217,330,281,1.13,8.35,12.69,10.81,921,770,54.46,1744,1409,55.31,1294,1072,54.69,105.68,90.59,53.84,22,6,0,5500000,0.06666666666666667
Jonathan Drouin,183,0,3,7.83,67,120,87,0.60,5.11,9.15,6.63,393,412,48.82,739,734,50.17,547,550,49.86,40.59,48.08,45.78,22,6,0,5500000,0.06666666666666667
Andrew Ladd,191,0,4,0.00,0,0,0,0.00,0.00,0.00,0.00,,,0.00,,,0.00,,,0.00,0.00,0.00,0.00,30,7,1,5500000,0.06666666666666667
Jesper Bratt,178,0,162,22.77,199,358,282,1.02,8.89,15.99,12.59,957,532,64.27,1817,1006,64.36,1345,756,64.02,109.01,58.41,65.11,23,1,0,5450000,0.06606060606060606
Oliver Bjorkstrand,183,1,89,22.68,185,336,281,1.15,9.49,17.23,14.41,661,441,59.98,1301,894,59.27,960,653,59.52,65.17,44.69,59.32,26,5,0,5400000,0.06545454545454546
Teuvo Teräväinen,180,0,18,13.61,134,221,184,0.77,7.60,12.53,10.43,605,431,58.40,1115,757,59.56,856,585,59.40,66.56,46.04,59.11,24,5,0,5400000,0.06545454545454546
Mikael Backlund,183,0,24,24.22,245,399,323,1.04,10.50,17.11,13.85,863,606,58.75,1588,1136,58.30,1189,861,58.00,87.22,71.53,54.94,29,6,1,5350000,0.06484848484848485
Patric Hörnqvist,180,1,230,5.65,40,66,55,1.66,11.77,19.42,16.19,135,79,63.08,264,158,62.56,195,121,61.71,14.93,9.51,61.09,31,5,1,5300000,0.06424242424242424
Jaccob Slavin,191,0,120,6.98,126,272,185,0.27,4.90,10.58,7.19,853,705,54.75,1653,1270,56.55,1247,975,56.12,86.33,75.72,53.27,24,7,0,5300000,0.06424242424242424
Bryan Little,183,1,12,0.00,0,0,0,0.00,0.00,0.00,0.00,,,0.00,,,0.00,,,0.00,0.00,0.00,0.00,30,6,1,5291667,0.06414141818181818
Jakub Vrána,183,0,13,6.46,56,93,75,1.32,11.48,19.07,15.38,166,154,51.88,292,278,51.23,223,219,50.45,16.55,14.97,52.52,25,3,0,5250000,0.06363636363636363
Alec Martinez,185,0,95,3.77,69,181,108,0.17,3.05,8.01,4.78,631,765,45.20,1149,1595,41.87,846,1082,43.88,65.04,71.91,47.49,33,3,1,5250000,0.06363636363636363
Joel Eriksson Ek,185,0,20,34.51,244,390,331,1.42,10.05,16.05,13.63,869,746,53.81,1579,1387,53.24,1215,1023,54.29,105.61,74.66,58.58,24,8,0,5250000,0.06363636363636363
Charlie Coyle,191,1,28,14.16,131,221,174,0.65,6.06,10.22,8.05,601,708,45.91,1065,1371,43.72,799,1013,44.09,56.35,69.90,44.63,28,6,1,5250000,0.06363636363636363
Jakob Silfverberg,185,1,39,10.39,129,215,177,0.54,6.66,11.10,9.14,512,770,39.94,888,1385,39.07,678,1065,38.90,46.59,82.44,36.11,28,5,1,5250000,0.06363636363636363
Brady Skjei,191,0,28,8.74,172,378,260,0.32,6.32,13.89,9.56,868,752,53.58,1691,1322,56.12,1272,1031,55.23,89.19,81.50,52.25,24,6,0,5250000,0.06363636363636363
J.T. Miller,185,0,15,23.10,205,380,291,0.89,7.91,14.66,11.23,932,761,55.05,1763,1348,56.67,1315,1037,55.91,105.14,88.98,54.16,25,5,0,5250000,0.06363636363636363
Shea Theodore,188,0,26,7.39,136,280,183,0.38,7.03,14.46,9.44,704,531,57.00,1291,1046,55.24,940,735,56.12,72.05,50.07,59.00,22,7,0,5200000,0.06303030303030303
Tom Wilson,193,1,16,8.68,64,116,89,1.07,7.90,14.32,10.99,251,253,49.80,485,461,51.27,355,345,50.71,27.52,34.76,44.19,24,6,0,5166667,0.06262626666666667
Yanni Gourde,175,0,300,16.63,129,224,185,0.79,6.11,10.61,8.76,614,568,51.95,1210,1150,51.27,897,843,51.55,64.12,62.48,50.65,27,6,1,5166666,0.06262625454545455
Evander Kane,188,0,4,14.91,128,229,169,1.32,11.32,20.26,14.95,379,369,50.67,692,618,52.82,513,471,52.13,42.85,36.85,53.76,30,4,1,5125000,0.06212121212121212
Bryan Rust,180,1,80,28.27,200,341,287,1.24,8.78,14.99,12.61,834,733,53.22,1527,1344,53.19,1151,1000,53.51,94.88,85.30,52.66,30,6,1,5125000,0.06212121212121212
Ryan Nugent-Hopkins,183,0,1,28.17,189,310,249,1.11,7.43,12.18,9.77,980,776,55.81,1702,1322,56.28,1300,1036,55.65,127.77,82.22,60.85,28,8,1,5125000,0.06212121212121212
Rasmus Ristolainen,193,1,8,4.70,70,147,100,0.22,3.27,6.87,4.68,561,706,44.28,989,1418,41.09,761,991,43.44,53.09,70.23,43.05,27,5,1,5100000,0.06181818181818182
Dmitry Orlov,180,0,55,6.01,113,215,145,0.26,4.87,9.26,6.24,749,747,50.07,1366,1351,50.28,1010,1028,49.56,77.54,78.75,49.61,25,6,0,5100000,0.06181818181818182
Ryan Strome,185,1,5,14.72,126,196,161,0.67,5.74,8.92,7.33,693,803,46.32,1286,1380,48.24,975,1096,47.08,66.76,87.64,43.24,28,5,1,5000000,0.06060606060606061
Reilly Smith,185,0,69,21.18,168,285,226,1.04,8.23,13.96,11.07,722,580,55.45,1299,1147,53.11,982,826,54.31,80.72,68.02,54.27,31,3,1,5000000,0.06060606060606061
Rickard Rakell,183,1,30,31.76,230,417,322,1.33,9.67,17.53,13.53,937,710,56.89,1838,1235,59.81,1357,953,58.74,117.47,76.43,60.58,29,6,1,5000000,0.06060606060606061
Anthony Deangelo,180,1,19,8.22,171,283,212,0.32,6.74,11.15,8.35,885,800,52.52,1638,1548,51.41,1218,1162,51.18,83.80,102.13,45.07,26,2,0,5000000,0.06060606060606061
Jared McCann,185,0,24,18.11,181,353,252,0.93,9.32,18.17,12.97,677,473,58.87,1295,904,58.89,945,699,57.48,69.12,52.77,56.71,26,5,0,5000000,0.06060606060606061
Joel Farabee,183,0,14,11.91,129,235,171,0.55,6.00,10.94,7.96,641,680,48.52,1178,1313,47.29,871,960,47.57,61.72,70.87,46.55,22,6,0,5000000,0.06060606060606061
Kyle Palmieri,180,1,26,14.22,110,217,165,0.97,7.54,14.87,11.30,491,443,52.57,972,802,54.79,702,618,53.18,58.38,45.60,56.15,30,4,1,5000000,0.06060606060606061
Mikael Granlund,178,0,9,18.61,113,212,163,0.84,5.09,9.57,7.36,729,720,50.31,1436,1296,52.56,1044,985,51.45,89.85,82.61,52.10,29,4,1,5000000,0.06060606060606061
Evgeni Dadonov,180,0,71,12.05,98,183,134,0.73,5.97,11.15,8.16,522,524,49.90,957,911,51.23,703,703,50.00,54.15,56.16,49.09,31,3,1,5000000,0.06060606060606061
TJ Brodie,185,0,114,2.16,55,91,66,0.12,2.95,4.88,3.54,491,529,48.14,882,1049,45.68,677,765,46.95,50.49,51.26,49.62,30,4,1,5000000,0.06060606060606061
Jean-Gabriel Pageau,178,1,96,17.73,114,185,158,0.91,5.87,9.52,8.14,596,645,48.03,1112,1260,46.88,818,911,47.31,73.65,74.90,49.58,27,6,1,5000000,0.06060606060606061
Samuel Girard,178,0,47,5.31,108,246,144,0.22,4.41,10.05,5.88,760,745,50.50,1414,1341,51.32,1006,1005,50.02,65.11,67.31,49.17,22,7,0,5000000,0.06060606060606061
Josh Bailey,185,0,9,9.02,72,115,94,0.56,4.51,7.21,5.90,460,492,48.32,880,992,47.01,638,741,46.27,45.15,56.10,44.59,28,6,1,5000000,0.06060606060606061
Jonathan Marchessault,175,1,300,23.48,222,407,302,1.18,11.15,20.44,15.16,789,539,59.41,1390,1053,56.90,1062,758,58.35,82.79,58.45,58.62,27,6,1,5000000,0.06060606060606061
Tyler Johnson,173,1,300,15.18,106,188,151,1.11,7.73,13.70,11.01,407,395,50.75,733,750,49.43,557,554,50.14,42.83,46.46,47.97,26,7,0,5000000,0.06060606060606061
Drake Batherson,191,1,121,31.37,233,414,339,1.32,9.77,17.37,14.22,981,649,60.18,1770,1198,59.64,1350,878,60.59,112.26,69.43,61.79,23,6,0,4975000,0.0603030303030303
Conor Garland,178,1,123,16.16,155,259,215,0.85,8.17,13.65,11.33,587,527,52.69,1124,963,53.86,836,744,52.91,62.19,52.32,54.31,25,5,0,4950000,0.06
Noah Hanifin,191,0,5,8.58,163,353,240,0.30,5.71,12.36,8.40,975,864,53.02,1785,1592,52.86,1353,1208,52.83,100.95,91.08,52.57,21,6,0,4950000,0.06
Blake Coleman,180,0,75,24.68,172,308,247,1.26,8.75,15.67,12.57,705,525,57.32,1289,971,57.04,975,741,56.82,64.16,55.52,53.61,29,6,1,4900000,0.059393939393939395
Michael Matheson,188,0,23,6.40,111,225,148,0.37,6.34,12.84,8.44,487,535,47.65,936,1019,47.88,689,746,48.01,52.93,64.80,44.96,24,8,0,4875000,0.05909090909090909
Elias Lindholm,185,1,5,25.02,170,313,243,1.08,7.31,13.46,10.45,849,640,57.02,1622,1197,57.54,1206,907,57.08,95.50,74.22,56.27,23,6,0,4850000,0.058787878787878785
Jesperi Kotkaniemi,188,0,3,17.44,112,214,163,0.94,6.03,11.52,8.77,622,376,62.32,1270,705,64.30,940,532,63.86,65.62,35.59,64.84,21,8,0,4820000,0.05842424242424243
Anthony Cirelli,183,0,72,15.35,105,180,147,1.02,6.99,11.98,9.77,469,499,48.45,870,940,48.07,659,714,48.00,53.08,57.76,47.89,22,3,0,4800000,0.05818181818181818
Mikhail Sergachev,188,0,9,6.25,145,333,212,0.21,4.84,11.13,7.09,976,933,51.13,1819,1680,51.99,1373,1256,52.23,111.80,97.14,53.51,22,3,0,4800000,0.05818181818181818
David Perron,183,1,26,22.09,178,319,244,1.04,8.36,14.99,11.47,798,548,59.29,1431,1007,58.70,1095,755,59.19,90.80,57.50,61.23,34,2,1,4750000,0.05757575757575758
Ben Chiarot,191,0,120,4.99,103,219,148,0.21,4.26,9.07,6.13,587,857,40.65,1074,1726,38.36,799,1239,39.21,52.74,82.68,38.95,31,4,1,4750000,0.05757575757575758
Ilya Mikheyev,191,0,300,10.65,91,138,112,0.82,7.02,10.64,8.64,354,394,47.33,645,725,47.08,474,548,46.38,35.58,43.50,44.99,27,4,1,4750000,0.05757575757575758
Victor Olofsson,180,0,181,16.32,155,264,202,0.93,8.86,15.11,11.56,598,505,54.22,1044,838,55.47,802,681,54.08,62.04,55.53,52.77,26,2,0,4750000,0.05757575757575758
Tyler Bertuzzi,185,0,58,11.62,99,167,133,0.94,7.99,13.47,10.73,463,335,58.02,842,618,57.67,631,470,57.31,46.67,34.20,57.71,26,2,0,4750000,0.05757575757575758
Alex Tuch,193,1,18,24.43,193,323,273,1.14,9.06,15.16,12.81,818,661,55.31,1455,1109,56.75,1113,876,55.96,93.76,76.22,55.16,23,7,0,4750000,0.05757575757575758
Kevin Labanc,180,1,171,9.89,116,228,156,0.63,7.41,14.57,9.97,554,421,56.82,1071,761,58.46,769,573,57.30,52.91,44.14,54.52,24,4,0,4725000,0.057272727272727274
Travis Sanheim,191,0,17,7.36,103,193,142,0.28,4.05,7.58,5.58,687,828,45.35,1284,1597,44.57,976,1190,45.06,65.20,87.20,42.79,25,2,0,4675000,0.056666666666666664
Jamie Oleksiak,201,0,14,3.41,69,148,100,0.16,3.15,6.76,4.55,596,667,47.19,1104,1340,45.17,839,991,45.85,54.59,78.26,41.09,28,5,1,4600000,0.055757575757575756
Jakob Chychrun,188,0,16,10.31,143,281,205,0.56,7.87,15.47,11.29,628,529,54.28,1147,964,54.33,884,741,54.40,66.03,61.25,51.88,21,6,0,4600000,0.055757575757575756
Rasmus Andersson,185,1,53,9.13,159,300,220,0.31,5.34,10.08,7.39,1076,868,55.35,1944,1575,55.24,1474,1204,55.04,116.40,96.04,54.79,23,6,0,4550000,0.05515151515151515
Artturi Lehkonen,183,0,55,19.98,145,264,205,0.94,6.82,12.42,9.65,847,607,58.25,1529,1032,59.70,1138,799,58.75,86.52,59.53,59.24,26,5,0,4500000,0.05454545454545454
Mason Marchment,193,0,300,20.07,148,262,209,1.13,8.43,14.92,11.90,578,541,51.65,1095,981,52.75,824,730,53.02,61.84,43.30,58.82,27,4,1,4500000,0.05454545454545454
Josh Manson,191,1,160,2.31,41,71,51,0.28,5.15,8.92,6.41,219,262,45.53,400,505,44.20,294,362,44.82,18.07,26.77,40.31,30,4,1,4500000,0.05454545454545454
Tomas Tatar,178,0,60,23.35,142,264,204,1.20,7.30,13.58,10.49,768,458,62.64,1400,888,61.19,1055,651,61.84,90.97,40.36,69.27,30,2,1,4500000,0.05454545454545454
Brandon Saad,185,0,43,14.74,118,182,154,0.80,6.39,9.85,8.34,537,595,47.44,994,1077,48.00,752,821,47.81,52.09,54.67,48.79,28,5,1,4500000,0.05454545454545454
Mike Hoffman,183,0,130,13.13,141,250,189,0.80,8.61,15.26,11.54,504,464,52.07,957,852,52.90,684,614,52.70,52.37,52.71,49.84,31,3,1,4500000,0.05454545454545454
Alexander Wennberg,188,0,14,15.51,95,153,126,0.66,4.01,6.48,5.34,716,679,51.33,1317,1282,50.67,983,973,50.26,74.44,80.64,48.00,26,3,1,4500000,0.05454545454545454
Tyson Barrie,180,1,64,8.27,150,305,203,0.32,5.88,11.95,7.96,912,755,54.71,1608,1355,54.27,1229,1052,53.88,106.35,75.48,58.49,29,3,1,4500000,0.05454545454545454
Christopher Tanev,188,1,300,1.49,65,148,86,0.07,3.17,7.22,4.19,645,540,54.43,1247,1066,53.91,920,774,54.31,63.22,58.92,51.76,30,4,1,4500000,0.05454545454545454
Shayne Gostisbehere,180,0,78,8.41,145,307,213,0.35,5.95,12.61,8.75,768,688,52.75,1486,1240,54.51,1116,947,54.10,82.49,73.27,52.96,24,6,0,4500000,0.05454545454545454
Nikita Zaitsev,188,1,300,0.47,17,45,32,0.04,1.42,3.76,2.67,258,475,35.20,495,879,36.03,372,654,36.26,24.14,46.87,34.00,25,7,0,4500000,0.05454545454545454
Christian Dvorak,185,0,58,13.79,88,144,115,0.77,4.88,8.01,6.39,457,631,42.00,913,1225,42.70,629,907,40.95,51.54,81.69,38.68,23,6,0,4450000,0.05393939393939394
Alex Killorn,185,0,77,19.42,132,225,175,0.88,5.99,10.21,7.94,679,665,50.52,1281,1255,50.51,941,948,49.81,77.41,78.29,49.72,26,7,0,4450000,0.05393939393939394
Sam Bennett,185,0,4,23.93,192,320,252,1.31,10.50,17.51,13.79,755,558,57.50,1342,990,57.55,1013,773,56.72,81.83,62.48,56.70,25,4,0,4425000,0.053636363636363635
Filip Hronek,183,1,53,6.36,124,259,168,0.27,5.36,11.19,7.26,693,659,51.26,1254,1272,49.64,951,941,50.26,76.51,63.87,54.50,23,3,0,4400000,0.05333333333333334
Connor Murphy,193,1,20,3.06,78,163,105,0.13,3.26,6.81,4.38,512,861,37.29,970,1597,37.79,723,1150,38.60,50.48,82.21,38.04,29,4,1,4400000,0.05333333333333334
John Marino,185,1,154,4.18,64,140,87,0.20,3.02,6.61,4.11,570,616,48.06,1098,1261,46.55,796,910,46.66,63.20,69.33,47.69,24,6,0,4400000,0.05333333333333334
Lawson Crouse,193,0,11,17.14,138,240,191,0.80,6.41,11.15,8.86,538,762,41.38,1036,1415,42.27,768,1087,41.40,58.43,89.06,39.61,25,5,0,4300000,0.052121212121212124
Tyler Toffoli,183,1,47,27.14,246,446,341,1.28,11.56,20.97,16.03,858,470,64.61,1633,912,64.17,1215,668,64.52,95.46,50.64,65.34,28,4,1,4250000,0.051515151515151514
Viktor Arvidsson,175,1,112,24.93,212,384,292,1.22,10.35,18.75,14.25,742,530,58.33,1362,1041,56.68,1035,744,58.18,80.08,53.80,59.81,24,7,0,4250000,0.051515151515151514
Oscar Klefbom,191,0,19,0.00,0,0,0,0.00,0.00,0.00,0.00,,,0.00,,,0.00,,,0.00,0.00,0.00,0.00,22,7,0,4167000,0.050509090909090906
Carter Verhaeghe,185,0,82,31.69,266,448,341,1.42,11.94,20.10,15.30,979,651,60.06,1795,1121,61.56,1337,893,59.96,109.56,75.29,59.27,26,3,0,4166667,0.05050505454545454
Damon Severson,188,1,60,5.44,95,231,138,0.22,3.76,9.13,5.46,913,669,57.71,1705,1307,56.61,1240,946,56.72,101.31,69.95,59.16,22,6,0,4166666,0.050505042424242426
Anthony Beauvillier,180,0,28,19.23,171,276,226,0.93,8.25,13.32,10.90,673,591,53.24,1293,1101,54.01,958,834,53.46,70.34,59.03,54.37,24,3,0,4150000,0.0503030303030303
Brandon Carlo,196,1,37,5.47,84,158,116,0.25,3.83,7.20,5.29,596,686,46.49,1027,1314,43.87,790,975,44.76,59.86,67.45,47.02,24,6,0,4100000,0.0496969696969697
Devon Toews,185,0,108,7.34,150,279,193,0.24,4.93,9.17,6.34,1010,992,50.45,1796,1731,50.92,1329,1312,50.32,98.50,99.86,49.66,26,4,0,4100000,0.0496969696969697
Brian Dumoulin,193,0,51,3.54,78,179,115,0.13,2.96,6.79,4.36,774,945,45.03,1457,1745,45.50,1071,1286,45.44,75.25,96.90,43.71,25,6,0,4100000,0.0496969696969697
Jake Gardiner,188,0,17,0.00,0,0,0,0.00,0.00,0.00,0.00,,,0.00,,,0.00,,,0.00,0.00,0.00,0.00,28,4,1,4050000,0.04909090909090909
Marcus Pettersson,191,0,38,5.08,95,214,148,0.22,4.13,9.33,6.45,754,803,48.43,1394,1439,49.21,1069,1068,50.02,81.56,70.65,53.58,24,5,0,4025175,0.04879
Brett Pesce,191,1,66,5.78,134,326,201,0.21,4.78,11.63,7.17,891,799,52.72,1729,1384,55.54,1307,1084,54.66,93.77,86.03,52.15,23,6,0,4025000,0.04878787878787879
Noah Dobson,193,1,12,10.54,199,453,295,0.42,7.88,17.94,11.68,957,762,55.67,1798,1361,56.92,1320,1032,56.12,97.40,79.56,55.04,22,3,0,4000000,0.048484848484848485
Nino Niederreiter,188,0,5,21.21,169,283,221,1.07,8.50,14.23,11.11,695,570,54.94,1369,996,57.89,980,764,56.19,73.92,60.23,55.10,29,2,1,4000000,0.048484848484848485
Erik Gudbranson,196,1,3,3.49,102,215,141,0.14,4.11,8.65,5.67,620,956,39.34,1169,1833,38.94,837,1366,37.99,58.36,95.58,37.90,30,4,1,4000000,0.048484848484848485
Nick Leddy,183,0,16,4.26,74,153,110,0.17,2.89,5.97,4.29,650,846,43.45,1196,1537,43.76,905,1178,43.45,63.34,81.36,43.77,31,4,1,4000000,0.048484848484848485
Jack Roslovic,185,1,25,11.62,114,199,152,0.60,5.85,10.21,7.80,609,688,46.95,1125,1259,47.19,846,970,46.59,57.63,76.23,43.05,25,2,0,4000000,0.048484848484848485
Jake DeBrusk,183,0,14,22.50,179,269,227,1.36,10.80,16.22,13.69,726,434,62.59,1261,770,62.09,959,583,62.19,76.31,39.58,65.84,25,2,0,4000000,0.048484848484848485
Robby Fabbri,178,0,21,6.46,35,65,53,0.87,4.69,8.71,7.10,188,204,47.96,371,427,46.49,264,316,45.52,21.16,20.92,50.29,26,3,1,4000000,0.048484848484848485
Vince Dunn,183,0,56,9.44,139,302,205,0.32,4.68,10.16,6.90,993,767,56.42,1906,1437,57.01,1422,1072,57.02,110.65,80.84,57.78,24,2,0,4000000,0.048484848484848485
Jake McCabe,185,0,44,3.91,87,163,121,0.17,3.83,7.18,5.33,612,748,45.00,1103,1384,44.35,837,1025,44.95,58.87,78.98,42.71,27,4,1,4000000,0.048484848484848485
Adam Larsson,191,1,4,6.37,135,276,193,0.21,4.53,9.26,6.47,837,932,47.31,1594,1772,47.36,1229,1316,48.29,87.98,103.62,45.92,28,4,1,4000000,0.048484848484848485
Alex Iafallo,183,0,300,13.81,124,206,159,0.94,8.40,13.96,10.77,481,393,55.03,868,831,51.09,665,573,53.72,51.09,42.39,54.65,27,4,1,4000000,0.048484848484848485
Kevin Shattenkirk,183,1,14,4.63,138,265,176,0.21,6.20,11.91,7.91,679,796,46.03,1234,1436,46.22,931,1082,46.25,61.41,79.66,43.53,31,3,1,3900000,0.04727272727272727
Brenden Dillon,193,0,300,2.87,79,196,121,0.11,3.15,7.81,4.82,678,800,45.87,1304,1477,46.89,992,1131,46.73,69.11,82.91,45.46,29,4,1,3900000,0.04727272727272727
Joonas Donskoi,183,1,99,0.00,0,0,0,0.00,0.00,0.00,0.00,,,0.00,,,0.00,,,0.00,0.00,0.00,0.00,27,4,1,3900000,0.04727272727272727
Nick Foligno,183,0,28,7.87,71,116,97,0.64,5.74,9.38,7.85,372,314,54.23,640,617,50.91,490,447,52.29,31.65,24.55,56.32,33,2,1,3800000,0.04606060606060606
Nikita Zadorov,198,0,16,5.30,118,241,160,0.22,4.88,9.97,6.62,824,658,55.60,1547,1248,55.35,1152,928,55.38,65.95,73.64,47.25,27,2,1,3750000,0.045454545454545456
Boone Jenner,188,0,37,31.56,211,377,309,1.44,9.64,17.23,14.12,776,712,52.15,1493,1357,52.39,1115,1003,52.64,91.23,77.13,54.19,29,4,1,3750000,0.045454545454545456
Matt Grzelcyk,175,0,85,3.85,97,190,142,0.19,4.84,9.47,7.08,633,539,54.01,1153,1074,51.77,876,781,52.87,56.64,49.06,53.59,26,4,0,3687500,0.0446969696969697
Frank Vatrano,178,0,300,20.71,215,334,274,0.98,10.17,15.80,12.96,632,827,43.32,1151,1446,44.32,865,1116,43.66,55.07,86.02,39.03,28,3,1,3650000,0.04424242424242424
Barclay Goodrow,188,0,300,10.19,86,153,119,0.56,4.69,8.35,6.49,483,611,44.15,889,1216,42.23,672,862,43.81,48.30,69.41,41.03,28,6,1,3641667,0.04414141818181818
Connor Brown,183,1,156,0.55,2,8,5,0.49,1.79,7.16,4.47,30,38,44.12,66,65,50.38,45,52,46.39,2.52,5.90,30.01,26,3,0,3600000,0.04363636363636364
Pavel Zacha,191,0,6,15.19,121,206,169,0.74,5.89,10.02,8.22,651,578,52.97,1172,1099,51.61,873,816,51.69,66.45,55.74,54.38,25,1,0,3500000,0.04242424242424243
Dylan Strome,191,0,3,21.68,143,258,206,1.03,6.81,12.28,9.81,789,589,57.26,1504,1050,58.89,1123,811,58.07,87.59,60.25,59.25,25,1,1,3500000,0.04242424242424243
David Savard,188,1,94,2.56,63,123,82,0.11,2.72,5.32,3.55,549,905,37.76,997,1775,35.97,756,1273,37.26,54.63,108.61,33.47,30,4,1,3500000,0.04242424242424243
Brandon Montour,183,1,55,14.39,222,426,316,0.48,7.37,14.14,10.49,1279,893,58.89,2264,1550,59.36,1749,1213,59.05,149.66,99.35,60.10,27,3,1,3500000,0.04242424242424243
Joel Edmundson,196,0,46,2.13,65,116,86,0.12,3.57,6.36,4.72,435,710,37.99,784,1403,35.85,576,999,36.57,39.33,81.17,32.64,27,4,1,3500000,0.04242424242424243
J.T. Compher,183,1,35,19.92,145,239,196,0.78,5.68,9.36,7.67,887,806,52.39,1576,1467,51.79,1188,1102,51.88,90.53,88.39,50.60,24,4,0,3500000,0.04242424242424243
Micheal Ferland,185,0,133,0.00,0,0,0,0.00,0.00,0.00,0.00,,,0.00,,,0.00,,,0.00,0.00,0.00,0.00,27,4,1,3500000,0.04242424242424243
Alexander Kerfoot,178,0,150,16.05,125,206,164,0.86,6.72,11.08,8.82,527,513,50.67,967,994,49.31,717,726,49.69,53.56,56.34,48.74,24,4,0,3500000,0.04242424242424243
Brandon Tanev,183,0,300,17.48,108,180,154,0.98,6.07,10.11,8.65,423,545,43.70,795,1110,41.73,605,791,43.34,49.45,63.65,43.72,27,6,1,3500000,0.04242424242424243
Lars Eller,188,0,13,12.03,126,249,174,0.63,6.58,12.99,9.08,534,591,47.47,1031,1149,47.29,737,832,46.97,48.60,59.13,45.11,29,5,1,3500000,0.04242424242424243
Joel Armia,193,1,16,7.04,61,106,85,0.76,6.60,11.47,9.19,222,335,39.86,432,621,41.03,305,463,39.71,22.18,38.25,36.70,28,4,1,3400000,0.041212121212121214
Andreas Johnsson,178,0,202,1.48,18,23,19,0.51,6.17,7.88,6.51,85,89,48.85,171,146,53.94,115,118,49.36,7.99,10.16,44.02,24,4,0,3400000,0.041212121212121214
Paul Byron,175,0,179,0.00,0,0,0,0.00,0.00,0.00,0.00,,,0.00,,,0.00,,,0.00,0.00,0.00,0.00,30,4,1,3400000,0.041212121212121214
Kirby Dach,193,1,3,14.82,107,185,151,0.83,5.98,10.35,8.44,565,463,54.96,1095,882,55.39,808,634,56.03,65.56,58.64,52.79,21,4,0,3362500,0.040757575757575756
Marco Scandella,191,0,55,0.43,17,41,19,0.07,2.86,6.90,3.20,153,223,40.69,248,427,36.74,183,330,35.67,12.69,22.30,36.27,30,4,1,3275000,0.039696969696969696
Mario Ferraro,180,0,49,4.94,61,136,88,0.21,2.56,5.71,3.70,610,838,42.13,1156,1645,41.27,825,1210,40.54,62.84,89.56,41.23,23,4,0,3250000,0.03939393939393939
Pius Suter,180,0,300,11.76,95,163,131,0.70,5.63,9.66,7.77,400,480,45.45,758,1038,42.20,558,713,43.90,38.61,50.66,43.25,25,2,1,3250000,0.03939393939393939
Cody Ceci,188,1,15,4.16,84,186,118,0.16,3.25,7.19,4.55,693,943,42.36,1263,1661,43.19,951,1291,42.42,76.02,96.56,44.05,27,4,1,3250000,0.03939393939393939
Adam Lowry,196,0,67,18.41,114,186,159,0.92,5.72,9.33,7.98,536,679,44.12,1046,1252,45.52,763,960,44.28,67.41,75.25,47.25,28,5,1,3250000,0.03939393939393939
Tanner Pearson,185,0,30,2.18,17,30,27,0.69,5.40,9.52,8.58,94,107,46.77,169,192,46.81,129,146,46.91,8.19,11.61,41.39,28,3,1,3250000,0.03939393939393939
MacKenzie Weegar,183,1,206,6.26,148,328,214,0.24,5.57,12.34,8.05,919,596,60.66,1757,1169,60.05,1288,860,59.96,83.43,63.77,56.68,26,3,0,3250000,0.03939393939393939
Radek Faksa,191,0,13,12.22,83,131,112,0.71,4.84,7.65,6.54,440,508,46.41,848,975,46.52,608,701,46.45,42.08,48.61,46.40,26,5,0,3250000,0.03939393939393939
Miles Wood,188,0,100,14.46,156,256,208,1.00,10.84,17.78,14.45,478,403,54.26,943,837,52.98,672,601,52.79,47.23,41.73,53.09,26,1,0,3200000,0.03878787878787879
Kasperi Kapanen,185,1,22,8.49,107,154,127,0.62,7.82,11.25,9.27,436,445,49.49,754,785,48.99,578,603,48.94,40.47,47.81,45.84,25,2,0,3200000,0.03878787878787879
Zack Kassian,191,1,13,3.09,25,45,34,0.40,3.21,5.78,4.37,165,287,36.50,317,504,38.61,225,393,36.40,13.44,26.38,33.75,29,4,1,3200000,0.03878787878787879
Ryan Graves,196,0,110,5.00,130,277,171,0.20,5.28,11.24,6.94,722,748,49.12,1357,1508,47.36,978,1090,47.29,74.79,79.42,48.50,25,3,0,3166667,0.03838384242424243
Nicholas Paul,191,0,101,15.23,111,202,165,0.75,5.48,9.97,8.15,568,612,48.14,1089,1153,48.57,817,839,49.34,56.96,63.94,47.11,27,7,1,3150000,0.038181818181818185
Matt Roy,185,1,194,6.43,131,241,181,0.27,5.42,9.98,7.49,762,715,51.59,1360,1471,48.04,1031,1039,49.81,68.55,69.56,49.63,26,3,0,3150000,0.038181818181818185
Roope Hintz,191,0,49,28.07,173,295,235,1.41,8.68,14.80,11.79,819,512,61.53,1530,968,61.25,1119,716,60.98,104.03,51.96,66.69,23,3,0,3150000,0.038181818181818185
Kailer Yamamoto,173,1,22,14.59,88,125,107,0.99,5.97,8.48,7.26,500,470,51.55,845,812,51.00,626,626,50.00,48.40,45.14,51.74,23,2,0,3100000,0.037575757575757575
Marcus Foligno,191,0,104,9.94,75,139,114,0.67,5.07,9.39,7.70,398,438,47.61,797,850,48.39,591,618,48.88,40.38,40.59,49.87,29,3,1,3100000,0.037575757575757575
Craig Smith,185,1,98,8.44,84,148,110,0.81,8.09,14.26,10.60,328,286,53.42,610,582,51.17,457,415,52.41,30.00,27.16,52.48,30,3,1,3100000,0.037575757575757575
Martin Necas,188,1,12,24.11,227,414,330,1.03,9.73,17.75,14.14,921,588,61.03,1781,1009,63.84,1344,794,62.86,102.14,63.65,61.61,23,2,0,3000000,0.03636363636363636
Nicolas Roy,193,1,96,16.07,93,161,127,1.01,5.86,10.14,8.00,480,467,50.69,896,933,48.99,659,647,50.46,60.91,47.48,56.20,25,5,0,3000000,0.03636363636363636
Jesse Puljujärvi,193,1,4,12.61,116,212,166,0.89,8.16,14.92,11.68,456,373,55.01,881,674,56.66,655,499,56.76,43.92,34.43,56.06,24,1,0,3000000,0.03636363636363636
Justin Schultz,188,1,43,4.69,87,193,116,0.24,4.37,9.69,5.83,628,469,57.25,1209,954,55.89,891,714,55.51,60.80,51.67,54.06,31,2,1,3000000,0.03636363636363636
Andreas Athanasiou,188,0,110,17.82,147,287,224,0.89,7.35,14.36,11.21,562,674,45.47,1064,1218,46.63,797,906,46.80,55.47,72.40,43.38,27,1,1,3000000,0.03636363636363636
Max Domi,178,0,12,20.70,169,301,230,0.94,7.65,13.62,10.41,757,703,51.85,1299,1262,50.72,1017,970,51.18,77.62,80.28,49.16,27,1,1,3000000,0.03636363636363636
Ian Cole,185,0,18,4.53,105,205,138,0.19,4.44,8.67,5.84,619,753,45.12,1157,1416,44.97,881,1049,45.65,68.09,75.93,47.28,33,1,1,3000000,0.03636363636363636
Jordan Greenway,198,0,50,10.64,82,166,120,0.86,6.64,13.45,9.72,312,372,45.61,633,764,45.31,453,529,46.13,30.39,29.96,50.36,25,3,0,3000000,0.03636363636363636
Travis Hamonic,188,1,53,4.37,136,277,180,0.19,5.86,11.94,7.76,706,881,44.49,1288,1632,44.11,965,1222,44.12,64.15,91.95,41.10,30,2,1,3000000,0.03636363636363636
Derek Forbort,193,0,15,1.78,38,103,55,0.11,2.38,6.46,3.45,395,548,41.89,698,1077,39.32,527,772,40.57,39.50,53.47,42.49,29,3,1,3000000,0.03636363636363636
Mike Reilly,185,0,98,0.54,12,29,19,0.19,4.28,10.34,6.77,90,85,51.43,175,143,55.03,132,112,54.10,10.09,5.97,62.83,27,3,1,3000000,0.03636363636363636
Anthony Duclair,180,0,80,6.42,37,68,55,1.69,9.77,17.95,14.52,159,112,58.67,275,205,57.29,216,159,57.60,19.41,12.71,60.43,25,3,0,3000000,0.03636363636363636
Ryan Lindgren,183,0,49,3.42,70,147,95,0.19,3.83,8.05,5.20,534,562,48.72,976,992,49.59,760,743,50.57,56.21,55.48,50.33,23,3,0,3000000,0.03636363636363636
Scott Laughton,185,0,20,16.09,159,260,205,0.73,7.18,11.74,9.26,714,770,48.11,1251,1512,45.28,939,1089,46.30,67.84,89.39,43.15,27,5,1,3000000,0.03636363636363636
Dylan DeMelo,183,1,179,4.34,87,180,128,0.19,3.84,7.95,5.65,574,769,42.74,1142,1428,44.44,841,1059,44.26,58.89,73.20,44.58,27,4,1,3000000,0.03636363636363636
Mathieu Joseph,185,0,120,7.74,58,109,84,0.65,4.88,9.19,7.09,301,402,42.82,593,736,44.62,426,560,43.20,30.62,41.20,42.63,25,4,0,2950000,0.03575757575757576
Erik Cernak,191,1,43,3.62,86,160,118,0.17,3.99,7.43,5.48,564,693,44.87,1036,1345,43.51,792,987,44.52,60.63,80.55,42.95,23,3,0,2950000,0.03575757575757576
Denis Gurianov,191,0,12,9.89,109,206,156,0.74,8.18,15.46,11.71,370,412,47.31,751,787,48.83,532,585,47.63,33.18,36.79,47.42,25,1,0,2900000,0.03515151515151515
Colton Sissons,185,1,50,12.05,76,162,121,0.62,3.88,8.27,6.18,475,749,38.81,912,1425,39.02,681,1054,39.25,50.71,84.80,37.42,25,7,0,2857143,0.03463203636363636
Brayden McNabb,193,0,66,4.09,84,207,123,0.16,3.33,8.21,4.88,710,814,46.59,1323,1609,45.12,967,1140,45.89,75.84,77.55,49.44,31,3,1,2850000,0.034545454545454546
Robert Thomas,183,1,20,13.26,101,168,139,0.59,4.47,7.44,6.16,706,716,49.65,1284,1266,50.35,982,995,49.67,77.09,88.90,46.44,21,2,0,2800000,0.03393939393939394
Jordan Kyrou,183,1,35,23.14,256,447,340,1.04,11.46,20.00,15.22,719,651,52.48,1335,1177,53.14,1000,910,52.36,71.47,76.54,48.29,23,2,0,2800000,0.03393939393939394
Vladislav Gavrikov,191,0,159,5.85,78,149,110,0.24,3.17,6.06,4.47,680,903,42.96,1222,1699,41.83,942,1265,42.68,63.59,92.31,40.79,24,3,0,2800000,0.03393939393939394
Luke Kunin,183,1,15,6.63,58,99,83,0.83,7.27,12.41,10.41,220,274,44.53,388,549,41.41,302,377,44.48,21.29,29.54,41.88,24,2,0,2750000,0.03333333333333333
Jan Rutta,188,1,300,1.73,62,135,88,0.11,4.07,8.86,5.78,395,551,41.75,734,996,42.43,553,752,42.38,38.04,53.94,41.36,31,3,1,2750000,0.03333333333333333
Brett Kulak,188,0,105,3.48,110,205,139,0.15,4.88,9.11,6.18,651,772,45.75,1145,1315,46.54,867,1012,46.14,64.53,71.45,47.45,28,4,1,2750000,0.03333333333333333
Ilya Lyubushkin,188,1,300,1.22,40,74,49,0.08,2.59,4.78,3.17,397,589,40.26,724,1021,41.49,540,802,40.24,40.57,64.18,38.72,28,2,1,2750000,0.03333333333333333
Zach Whitecloud,188,1,300,3.47,61,130,84,0.22,3.91,8.34,5.39,394,518,43.20,722,1030,41.21,530,742,41.67,39.28,50.12,43.94,25,6,0,2750000,0.03333333333333333
Warren Foegele,188,0,67,16.44,116,207,169,1.25,8.83,15.76,12.87,401,369,52.08,765,658,53.76,574,500,53.45,42.53,33.04,56.27,25,3,0,2750000,0.03333333333333333
Brock McGinn,183,0,47,9.36,91,156,130,0.57,5.61,9.61,8.02,400,598,40.08,696,1122,38.28,543,824,39.72,37.15,61.42,37.70,27,4,1,2750000,0.03333333333333333
Chandler Stephenson,183,0,77,18.84,112,183,153,0.78,4.61,7.53,6.30,838,748,52.84,1524,1494,50.50,1127,1039,52.03,91.82,82.10,52.79,26,4,0,2750000,0.03333333333333333
Carson Soucy,196,0,137,3.06,82,185,123,0.16,4.21,9.50,6.32,526,520,50.29,1009,1063,48.70,747,794,48.48,49.09,56.68,46.41,25,3,1,2750000,0.03333333333333333
Oskar Sundqvist,191,1,81,12.05,69,124,97,0.80,4.55,8.18,6.40,442,416,51.52,821,838,49.49,612,599,50.54,50.37,45.55,52.51,25,4,0,2750000,0.03333333333333333
Richard Pánik,188,0,52,0.00,0,0,0,0.00,0.00,0.00,0.00,,,0.00,,,0.00,,,0.00,0.00,0.00,0.00,28,4,1,2750000,0.03333333333333333
Carl Hagelin,183,0,168,0.00,0,0,0,0.00,0.00,0.00,0.00,,,0.00,,,0.00,,,0.00,0.00,0.00,0.00,30,4,1,2750000,0.03333333333333333
John Moore,185,0,21,0.00,0,0,0,0.00,0.00,0.00,0.00,,,0.00,,,0.00,,,0.00,0.00,0.00,0.00,27,5,1,2750000,0.03333333333333333
Gustav Forsling,183,0,126,7.19,193,376,253,0.24,6.43,12.53,8.43,1035,997,50.94,1852,1724,51.79,1388,1356,50.58,99.12,109.50,47.51,25,3,0,2666667,0.03232323636363636
Jason Dickinson,188,0,29,11.22,105,187,142,0.60,5.58,9.93,7.54,454,658,40.83,823,1189,40.90,627,886,41.44,43.54,64.40,40.34,25,3,0,2650000,0.03212121212121212
Sean Walker,180,1,300,4.16,90,176,122,0.26,5.59,10.93,7.57,511,479,51.62,971,1014,48.92,737,706,51.07,44.70,51.61,46.41,25,4,0,2650000,0.03212121212121212
Adam Boqvist,180,1,8,3.31,63,125,91,0.27,5.12,10.17,7.40,449,396,53.14,849,674,55.75,649,520,55.52,47.23,38.81,54.89,21,3,0,2600000,0.03151515151515152
Philippe Myers,196,1,300,0.49,21,37,26,0.23,9.92,17.48,12.29,84,63,57.14,144,94,60.50,107,78,57.84,6.22,4.86,56.14,23,3,0,2550000,0.03090909090909091
Alexander Romanov,185,0,38,3.70,100,235,134,0.15,4.05,9.53,5.44,681,841,44.74,1259,1642,43.40,931,1200,43.69,63.09,85.55,42.44,22,3,0,2500000,0.030303030303030304
Oliver Kylington,183,0,60,0.00,0,0,0,0.00,0.00,0.00,0.00,,,0.00,,,0.00,,,0.00,0.00,0.00,0.00,25,2,0,2500000,0.030303030303030304
Dominik Kubalik,188,0,191,21.39,167,300,232,1.14,8.94,16.07,12.43,609,509,54.47,1140,1000,53.27,842,719,53.94,65.70,50.82,56.39,26,2,1,2500000,0.030303030303030304
Oskar Lindblom,185,0,138,7.26,75,133,100,0.56,5.83,10.34,7.77,317,400,44.21,603,779,43.63,434,578,42.89,28.48,39.17,42.10,25,2,1,2500000,0.030303030303030304
Vladislav Namestnikov,183,0,27,12.82,101,166,132,0.85,6.73,11.06,8.80,456,388,54.03,876,735,54.38,649,541,54.54,47.32,35.53,57.12,29,1,1,2500000,0.030303030303030304
Alexander Barabanov,178,0,300,17.61,120,217,168,0.86,5.87,10.61,8.21,681,556,55.05,1310,1038,55.79,952,776,55.09,79.83,66.73,54.47,28,2,1,2500000,0.030303030303030304
Henri Jokiharju,183,1,29,2.29,71,139,92,0.12,3.81,7.45,4.93,535,699,43.35,972,1121,46.44,740,921,44.55,52.14,71.16,42.29,22,3,0,2500000,0.030303030303030304
Casey Mittelstadt,185,0,8,12.63,115,201,153,0.65,5.92,10.34,7.87,649,608,51.63,1149,983,53.89,866,796,52.11,67.17,63.60,51.36,22,3,0,2500000,0.030303030303030304
Casey Cizikas,180,0,92,13.04,106,179,142,0.70,5.69,9.61,7.62,470,582,44.68,888,1194,42.65,658,838,43.98,42.16,67.47,38.46,30,6,1,2500000,0.030303030303030304
Nick Ritchie,188,0,10,13.74,106,177,141,0.87,6.72,11.23,8.94,484,503,49.04,924,857,51.88,684,665,50.70,51.31,47.32,52.02,25,2,1,2500000,0.030303030303030304
Tucker Poolman,188,1,127,0.06,3,4,3,0.09,4.30,5.73,4.30,19,18,51.35,40,33,54.79,25,22,53.19,1.29,1.87,40.82,28,4,1,2500000,0.030303030303030304
Sean Kuraly,188,0,133,11.20,90,163,129,0.69,5.58,10.11,8.00,385,653,37.09,721,1234,36.88,531,913,36.77,37.65,65.01,36.67,28,4,1,2500000,0.030303030303030304
Patrik Nemeth,191,0,41,2.00,57,130,88,0.10,2.72,6.20,4.20,417,834,33.33,791,1587,33.26,572,1212,32.06,39.79,92.00,30.19,29,3,1,2500000,0.030303030303030304
Artem Zub,188,1,300,2.02,37,102,57,0.12,2.29,6.30,3.52,440,463,48.73,839,943,47.08,619,670,48.02,42.46,48.58,46.64,25,2,0,2500000,0.030303030303030304
Radko Gudas,183,1,66,3.14,102,230,152,0.16,5.22,11.78,7.78,616,659,48.31,1160,1199,49.17,869,883,49.60,59.38,63.66,48.26,30,3,1,2500000,0.030303030303030304
Nick Jensen,185,1,150,5.12,102,237,149,0.21,4.12,9.58,6.02,665,799,45.42,1275,1563,44.93,918,1144,44.52,66.18,83.09,44.34,28,4,1,2500000,0.030303030303030304
Jacob Middleton,191,0,210,4.04,76,166,117,0.17,3.29,7.18,5.05,600,761,44.09,1185,1518,43.84,887,1058,45.60,60.06,70.61,45.96,26,3,0,2450000,0.029696969696969697
Dante Fabbro,183,1,17,3.09,89,180,119,0.15,4.36,8.82,5.83,573,658,46.55,1049,1275,45.14,781,935,45.51,48.81,64.48,43.08,23,2,0,2400000,0.02909090909090909
Erik Haula,183,0,182,20.62,155,280,223,0.97,7.28,13.15,10.47,691,611,53.07,1284,1201,51.67,944,882,51.70,73.50,65.66,52.82,30,2,1,2375000,0.02878787878787879
Jake Bean,185,0,13,0.79,16,32,21,0.22,4.37,8.73,5.73,99,124,44.39,185,230,44.58,132,175,43.00,8.41,11.43,42.39,23,3,0,2333333,0.028282824242424242
Dillon Dubé,180,0,56,18.34,140,250,191,0.94,7.19,12.83,9.81,653,525,55.43,1242,964,56.30,920,729,55.79,61.70,56.85,52.05,22,3,0,2300000,0.027878787878787878
Filip Chytil,188,0,21,18.54,161,291,223,1.10,9.56,17.29,13.25,530,457,53.70,999,847,54.12,735,630,53.85,54.10,43.05,55.69,21,2,0,2300000,0.027878787878787878
Nicolas Hague,198,0,34,4.17,96,228,149,0.18,4.23,10.05,6.57,640,708,47.48,1193,1370,46.55,875,994,46.82,59.08,61.98,48.80,23,3,0,2294150,0.027807878787878788
Pierre Engvall,196,0,188,14.44,128,235,172,0.89,7.88,14.48,10.59,536,436,55.14,964,819,54.07,709,617,53.47,55.09,37.64,59.41,26,1,0,2250000,0.02727272727272727
Olli Määttä,188,0,22,2.73,59,129,88,0.12,2.64,5.78,3.94,525,704,42.72,996,1305,43.29,743,958,43.68,49.63,68.20,42.12,27,1,1,2250000,0.02727272727272727
Ivan Barbashev,183,0,33,16.82,119,206,166,0.79,5.60,9.69,7.81,691,697,49.78,1226,1276,49.00,947,969,49.43,68.33,71.19,48.98,25,2,0,2250000,0.02727272727272727
Dmitry Kulikov,185,0,14,3.62,82,145,102,0.17,3.83,6.78,4.76,513,932,35.50,933,1606,36.75,691,1270,35.24,44.29,100.36,30.62,30,2,1,2250000,0.02727272727272727
Radim Simek,180,0,300,2.79,38,72,52,0.28,4.01,7.60,5.49,230,288,44.40,466,577,44.68,347,398,46.58,24.60,29.20,45.72,27,4,1,2250000,0.02727272727272727
Ethan Bear,180,1,124,3.55,72,144,101,0.21,4.26,8.51,5.97,473,498,48.71,819,949,46.32,632,713,46.99,46.30,54.03,46.15,25,1,0,2200000,0.02666666666666667
Teddy Blueger,183,0,52,10.69,79,118,97,0.84,6.21,9.27,7.63,322,468,40.76,581,861,40.29,436,637,40.63,32.27,48.46,39.97,26,2,0,2200000,0.02666666666666667
Zemgus Girgensons,188,0,14,10.90,97,175,145,0.69,6.18,11.15,9.24,400,471,45.92,739,884,45.53,555,669,45.34,36.64,49.70,42.44,26,3,1,2200000,0.02666666666666667
Mason Appleton,188,1,168,7.50,61,92,79,0.79,6.39,9.64,8.27,282,318,47.00,493,608,44.78,385,463,45.40,30.07,33.40,47.38,26,3,0,2166667,0.026262630303030304
Kaapo Kakko,191,0,2,15.43,116,208,165,0.79,5.91,10.60,8.40,624,560,52.70,1153,1025,52.94,854,771,52.55,57.68,52.61,52.30,21,2,0,2100000,0.025454545454545455
Calle Järnkrok,180,1,51,13.25,103,189,149,0.81,6.26,11.49,9.06,454,487,48.25,827,926,47.18,626,692,47.50,47.97,52.33,47.83,30,4,1,2100000,0.025454545454545455
Adam Erne,185,0,33,6.52,51,107,78,0.51,3.98,8.35,6.09,254,421,37.63,511,873,36.92,375,623,37.58,23.56,41.16,36.40,26,2,0,2100000,0.025454545454545455
Nick Bonino,185,0,173,11.62,91,148,118,0.71,5.53,8.99,7.17,441,504,46.67,786,1097,41.74,595,738,44.64,45.63,58.71,43.73,33,2,1,2050000,0.02484848484848485
Maxime Comtois,188,0,50,10.24,89,139,120,0.71,6.21,9.69,8.36,453,539,45.67,789,955,45.24,594,739,44.56,37.83,49.69,43.22,22,2,0,2037500,0.024696969696969696
Evan Rodrigues,180,1,300,18.14,173,285,218,0.99,9.41,15.50,11.86,690,494,58.28,1250,896,58.25,922,674,57.77,68.90,49.10,58.39,28,1,1,2000000,0.024242424242424242
Nico Sturm,191,0,300,12.28,115,184,158,0.74,6.91,11.05,9.49,461,539,46.10,818,1052,43.74,626,774,44.71,45.87,60.25,43.22,27,3,1,2000000,0.024242424242424242
Jérémy Lauzon,185,0,52,3.64,77,162,112,0.19,4.09,8.61,5.96,449,701,39.04,865,1297,40.01,649,968,40.14,46.41,73.48,38.71,25,4,0,2000000,0.024242424242424242
Yegor Sharangovich,188,0,141,15.41,123,225,173,0.91,7.25,13.27,10.19,479,516,48.14,925,987,48.38,674,732,47.94,49.02,56.16,46.61,23,2,0,2000000,0.024242424242424242
Tyson Jost,180,0,10,10.73,95,166,136,0.72,6.35,11.10,9.10,411,542,43.13,706,918,43.47,534,730,42.25,36.57,50.82,41.85,23,2,0,2000000,0.024242424242424242
Jesper Fast,185,1,157,12.46,68,138,111,0.68,3.73,7.57,6.09,526,462,53.24,1078,825,56.65,801,630,55.97,53.89,48.69,52.53,28,3,1,2000000,0.024242424242424242
Justin Holl,193,1,54,3.52,56,102,69,0.14,2.24,4.08,2.76,673,794,45.88,1221,1563,43.86,923,1147,44.59,72.66,84.11,46.35,28,3,1,2000000,0.024242424242424242
Niko Mikkola,193,0,127,2.00,57,119,85,0.09,2.59,5.41,3.87,516,731,41.38,894,1407,38.85,696,1052,39.82,51.17,76.41,40.11,26,1,0,1900000,0.02303030303030303
Trevor Moore,178,0,300,15.92,147,240,200,1.04,9.61,15.69,13.08,518,427,54.81,973,839,53.70,732,597,55.08,53.39,41.26,56.41,26,2,0,1875000,0.022727272727272728
Colin Miller,185,1,151,5.09,94,252,154,0.25,4.59,12.30,7.51,630,580,52.07,1251,1095,53.32,903,823,52.32,56.40,49.84,53.09,29,2,1,1850000,0.022424242424242423
Jacob Bryson,175,0,99,0.85,27,57,39,0.06,1.92,4.05,2.77,373,470,44.25,723,805,47.32,534,628,45.96,33.35,43.42,43.44,24,2,0,1850000,0.022424242424242423
Filip Zadina,183,0,6,5.09,51,82,67,0.78,7.79,12.52,10.23,190,177,51.77,337,353,48.84,266,245,52.05,17.14,14.03,55.00,22,3,0,1825000,0.02212121212121212
Isac Lundeström,183,0,23,5.79,55,98,76,0.43,4.09,7.31,5.67,330,557,37.20,555,986,36.02,422,759,35.72,26.71,55.73,32.40,22,2,0,1800000,0.02181818181818182
Jordan Martinook,183,0,58,19.52,152,282,228,0.98,7.66,14.21,11.49,589,551,51.67,1172,964,54.87,882,739,54.41,61.20,61.20,50.00,28,3,1,1800000,0.02181818181818182
Barrett Hayton,185,0,5,22.32,167,262,220,0.99,7.43,11.66,9.78,688,699,49.60,1245,1275,49.40,951,987,49.07,74.23,84.57,46.75,22,2,0,1775000,0.021515151515151515
Nicolas Deslauriers,191,0,84,6.65,66,124,101,0.53,5.28,9.93,8.09,291,386,42.98,563,796,41.43,428,559,43.36,23.24,37.43,38.31,31,4,1,1750000,0.021212121212121213
Cal Clutterbuck,180,1,72,5.48,40,71,59,0.60,4.41,7.83,6.50,220,272,44.72,413,595,40.97,316,401,44.07,20.10,32.63,38.11,34,2,1,1750000,0.021212121212121213
Travis Boyd,183,1,177,14.49,87,150,123,0.69,4.12,7.11,5.83,541,720,42.90,1014,1290,44.01,757,992,43.28,57.69,80.77,41.67,28,2,1,1750000,0.021212121212121213
Tomas Nosek,188,0,300,7.78,62,103,84,0.60,4.79,7.96,6.50,289,426,40.42,500,822,37.82,391,604,39.29,28.43,42.14,40.29,28,2,1,1750000,0.021212121212121213
Sean Durzi,183,1,52,5.31,103,245,150,0.24,4.66,11.09,6.79,718,597,54.60,1342,1212,52.55,989,853,53.69,71.30,63.30,52.97,23,2,0,1700000,0.020606060606060607
Yakov Trenin,188,0,55,15.38,122,233,183,0.88,6.99,13.36,10.49,436,576,43.08,861,1071,44.57,629,797,44.11,44.52,59.65,42.74,25,2,0,1700000,0.020606060606060607
Vinnie Hinostroza,175,1,169,2.71,38,75,55,0.50,6.96,13.74,10.07,171,189,47.50,312,315,49.76,231,247,48.33,14.09,18.67,43.01,28,1,1,1700000,0.020606060606060607
Jake Evans,183,1,207,5.59,51,99,67,0.47,4.33,8.40,5.68,277,435,38.90,525,860,37.90,369,601,38.04,23.85,46.14,34.08,26,3,0,1700000,0.020606060606060607
Ryan Hartman,183,1,30,15.52,135,251,207,1.06,9.23,17.16,14.15,516,436,54.20,981,842,53.81,738,623,54.22,51.10,41.69,55.07,26,3,0,1700000,0.020606060606060607
Blake Lizotte,170,0,300,11.20,103,164,144,0.68,6.28,9.99,8.77,508,444,53.36,921,917,50.11,690,657,51.22,44.69,46.10,49.22,24,2,0,1675000,0.020303030303030302
Eric Robinson,188,0,300,13.77,98,187,133,0.86,6.12,11.68,8.31,379,640,37.19,701,1216,36.57,519,893,36.76,35.81,65.23,35.44,27,2,1,1600000,0.019393939393939394
Anders Bjork,183,0,146,1.01,9,17,11,0.50,4.42,8.35,5.40,48,75,39.02,81,122,39.90,62,95,39.49,3.55,7.21,32.99,23,3,0,1600000,0.019393939393939394
Juuso Välimäki,188,0,16,5.33,87,175,121,0.24,3.99,8.02,5.55,622,615,50.28,1152,1121,50.68,877,855,50.64,64.91,65.08,49.93,22,2,0,1550000,0.018787878787878787
Samuel Blais,188,0,176,7.85,66,117,96,0.61,5.17,9.16,7.52,331,346,48.89,632,689,47.84,454,496,47.79,27.05,30.45,47.04,26,1,0,1525000,0.018484848484848486
Alexandre Texier,185,0,45,0.00,0,0,0,0.00,0.00,0.00,0.00,,,0.00,,,0.00,,,0.00,0.00,0.00,0.00,21,3,0,1525000,0.018484848484848486
Phil Kessel,183,1,5,13.01,138,240,183,0.80,8.52,14.82,11.30,549,515,51.60,1022,1001,50.52,761,735,50.87,57.97,45.30,56.13,34,1,1,1500000,0.01818181818181818
Owen Tippett,183,1,10,22.00,208,377,282,1.08,10.19,18.50,13.83,692,589,54.02,1285,1129,53.23,947,819,53.62,72.56,62.49,53.73,23,2,0,1500000,0.01818181818181818
Markus Nutivaara,185,0,189,0.00,0,0,0,0.00,0.00,0.00,0.00,,,0.00,,,0.00,,,0.00,0.00,0.00,0.00,28,1,1,1500000,0.01818181818181818
Brett Howden,191,0,27,7.88,49,100,78,0.74,4.62,9.43,7.36,240,342,41.24,478,725,39.72,328,489,40.15,24.15,30.94,43.84,24,1,1,1500000,0.01818181818181818
Ondrej Kase,183,1,205,0.07,0,3,2,0.38,0.00,16.32,10.88,9,6,60.00,26,9,74.29,21,8,72.41,1.12,0.28,80.14,26,1,1,1500000,0.01818181818181818
Eetu Luostarinen,191,0,42,16.80,124,227,175,0.82,6.05,11.08,8.53,664,680,49.40,1181,1221,49.17,909,930,49.43,67.14,71.12,48.56,23,2,0,1500000,0.01818181818181818
Brandon Hagel,183,0,159,28.00,165,288,230,1.15,6.86,11.97,9.56,824,749,52.38,1531,1321,53.68,1154,998,53.62,98.63,77.37,56.04,22,3,0,1500000,0.01818181818181818
Jani Hakanpää,196,1,104,3.76,82,198,124,0.15,3.34,8.07,5.05,635,841,43.02,1160,1639,41.44,852,1209,41.34,69.92,85.76,44.91,29,3,1,1500000,0.01818181818181818
David Kämpf,188,0,300,12.91,102,161,131,0.66,5.25,8.28,6.75,494,652,43.11,848,1227,40.86,648,901,41.83,47.98,66.04,42.08,26,2,1,1500000,0.01818181818181818
Luke Glendening,180,1,300,7.26,61,127,101,0.56,4.67,9.73,7.74,274,417,39.65,566,856,39.79,392,627,38.47,26.05,46.64,35.84,32,2,1,1500000,0.01818181818181818
Travis Dermott,183,0,34,0.53,7,14,9,0.21,2.78,5.55,3.57,59,77,43.38,101,152,39.92,77,116,39.90,6.28,7.87,44.38,24,2,0,1500000,0.01818181818181818
Conor Sheary,173,0,300,17.50,147,242,204,0.88,7.37,12.14,10.23,592,672,46.84,1139,1289,46.91,851,945,47.38,64.70,69.75,48.12,29,2,1,1500000,0.01818181818181818
Matt Martin,191,0,148,9.05,77,153,115,0.63,5.38,10.69,8.02,384,380,50.26,734,781,48.45,543,556,49.41,32.01,37.04,46.35,31,4,1,1500000,0.01818181818181818
Derek Grant,191,0,119,7.38,63,107,86,0.72,6.13,10.41,8.36,259,441,37.00,458,766,37.42,354,601,37.07,25.44,45.79,35.72,30,3,1,1500000,0.01818181818181818
Austin Watson,193,1,18,7.89,77,134,110,0.63,6.17,10.73,8.81,303,409,42.56,547,872,38.54,410,607,40.31,23.94,46.03,34.21,28,3,1,1500000,0.01818181818181818
Garnet Hathaway,191,1,300,10.21,85,145,114,0.66,5.49,9.36,7.36,412,478,46.29,793,1001,44.20,575,693,45.35,37.67,47.20,44.39,27,4,1,1500000,0.01818181818181818
Michael Rasmussen,198,0,9,14.87,88,150,121,1.06,6.25,10.65,8.59,365,453,44.62,691,902,43.38,511,651,43.98,42.62,47.35,47.37,22,3,0,1460000,0.017696969696969697
Eeli Tolvanen,178,0,30,8.76,104,193,149,0.67,8.01,14.87,11.48,439,300,59.40,861,623,58.02,635,456,58.20,43.53,28.59,60.36,22,3,0,1450000,0.017575757575757574
Troy Terry,183,1,148,25.51,174,329,265,1.21,8.23,15.57,12.54,711,670,51.48,1373,1118,55.12,1012,884,53.38,79.13,72.06,52.33,22,3,0,1450000,0.017575757575757574
Scott Mayfield,196,1,34,4.71,106,271,156,0.17,3.89,9.94,5.72,663,905,42.28,1313,1857,41.42,938,1322,41.50,72.48,101.99,41.54,25,5,0,1450000,0.017575757575757574
Rasmus Sandin,180,0,29,3.44,73,160,100,0.16,3.46,7.59,4.74,747,607,55.17,1352,1080,55.59,1019,826,55.23,80.01,61.08,56.71,22,2,0,1400000,0.01696969696969697
Keegan Kolesar,188,1,69,7.78,59,105,82,0.60,4.51,8.05,6.29,329,380,46.40,630,758,45.39,445,531,45.59,35.50,30.64,53.67,25,3,0,1400000,0.01696969696969697
Morgan Geekie,188,1,67,7.97,67,114,100,0.74,6.18,10.52,9.23,306,322,48.73,554,663,45.52,448,470,48.80,32.19,37.81,45.99,23,1,0,1400000,0.01696969696969697
Timothy Liljegren,183,1,17,4.07,76,144,101,0.22,4.09,7.75,5.44,566,574,49.65,984,1077,47.74,764,797,48.94,56.66,55.67,50.44,23,2,0,1400000,0.01696969696969697
Tage Thompson,198,1,26,31.34,271,501,376,1.40,12.10,22.37,16.79,881,689,56.11,1604,1117,58.95,1210,902,57.29,101.07,79.56,55.95,22,3,0,1400000,0.01696969696969697
William Carrier,188,0,57,14.95,118,172,144,1.27,10.03,14.64,12.26,350,324,51.93,663,655,50.30,486,459,51.43,38.90,27.11,58.94,25,4,0,1400000,0.01696969696969697
Tyler Motte,178,0,121,11.09,95,164,123,0.93,7.95,13.72,10.29,298,456,39.52,560,829,40.32,414,607,40.54,29.02,47.18,38.08,27,1,1,1350000,0.016363636363636365
Caleb Jones,185,0,117,5.14,79,178,114,0.24,3.70,8.35,5.35,596,634,48.46,1096,1204,47.65,818,898,47.67,60.14,66.59,47.45,25,1,0,1350000,0.016363636363636365
Brendan Lemieux,185,0,31,4.05,40,73,53,0.61,6.05,11.05,8.02,198,186,51.56,368,345,51.61,271,250,52.02,16.42,17.52,48.38,26,1,1,1350000,0.016363636363636365
Jordan Oesterle,183,0,300,2.06,51,97,71,0.16,4.05,7.70,5.64,306,386,44.22,586,722,44.80,434,533,44.88,26.68,34.63,43.52,29,2,1,1350000,0.016363636363636365
Riley Stillman,185,0,114,1.39,33,93,55,0.12,2.96,8.35,4.94,316,363,46.54,577,659,46.68,424,497,46.04,28.93,38.65,42.81,23,3,0,1350000,0.016363636363636365
Chris Wagner,183,1,122,0.03,0,1,1,0.14,0.00,4.76,4.76,5,8,38.46,9,13,40.90,8,11,42.11,0.21,0.67,23.86,29,3,1,1350000,0.016363636363636365
Kevin Rooney,188,0,300,2.12,14,27,21,0.84,5.58,10.75,8.36,75,74,50.34,137,144,48.75,99,105,48.53,5.90,5.70,50.86,29,2,1,1300000,0.01575757575757576
Carl Grundström,183,0,57,8.08,82,154,120,0.87,8.83,16.57,12.92,282,277,50.45,546,554,49.64,402,391,50.69,23.12,25.08,47.97,24,2,0,1300000,0.01575757575757576
Nic Dowd,185,1,198,8.06,60,105,81,0.57,4.30,7.52,5.80,366,432,45.86,676,923,42.28,503,631,44.36,32.53,47.73,40.53,32,3,1,1300000,0.01575757575757576
Max Jones,191,0,24,11.23,94,167,129,0.83,6.93,12.32,9.51,353,497,41.53,643,873,42.41,477,681,41.19,31.38,45.51,40.81,23,3,0,1295000,0.015696969696969695
Joshua Brown,196,1,152,3.39,61,117,95,0.21,3.73,7.15,5.80,321,720,30.84,624,1306,32.33,478,990,32.56,32.95,78.73,29.50,28,2,1,1275000,0.015454545454545455
Mattias Janmark,185,0,79,9.61,73,108,95,0.64,4.84,7.18,6.31,375,505,42.61,670,881,43.20,509,673,43.06,37.95,48.96,43.67,29,1,1,1250000,0.015151515151515152
Matthew Benning,185,1,175,2.50,55,144,80,0.11,2.36,6.18,3.43,553,780,41.49,1032,1545,40.04,757,1138,39.95,56.33,85.95,39.59,28,4,1,1250000,0.015151515151515152
Noel Acciari,178,1,300,15.73,97,158,135,0.93,5.74,9.35,7.99,401,538,42.71,702,1052,40.02,552,753,42.30,43.63,54.57,44.43,30,1,1,1250000,0.015151515151515152
Troy Stecher,178,1,300,3.00,80,162,103,0.14,3.83,7.76,4.94,478,809,37.14,886,1453,37.88,658,1117,37.07,43.63,83.80,34.24,28,1,1,1250000,0.015151515151515152
Derek Ryan,178,1,300,11.19,87,143,115,0.81,6.31,10.37,8.34,364,444,45.05,703,786,47.21,504,593,45.94,37.08,37.99,49.39,34,2,1,1250000,0.015151515151515152
Kieffer Bellows,185,0,19,2.06,31,61,40,0.46,6.91,13.60,8.92,112,119,48.48,220,279,44.09,160,181,46.92,8.88,11.97,42.59,24,1,0,1200000,0.014545454545454545
Ryan Donato,183,0,56,11.27,108,181,140,0.94,8.97,15.04,11.63,378,318,54.31,697,597,53.86,530,442,54.53,34.95,30.48,53.42,26,1,1,1200000,0.014545454545454545
Colin Blackwell,175,1,194,6.34,53,99,72,0.61,5.08,9.50,6.91,218,359,37.78,433,654,39.83,309,480,39.15,20.69,37.22,35.72,29,2,1,1200000,0.014545454545454545
Colin White,180,1,21,5.97,60,104,83,0.57,5.79,10.03,8.01,303,275,52.42,560,508,52.43,405,383,51.40,24.19,24.85,49.33,25,1,1,1200000,0.014545454545454545
Jon Merrill,191,0,38,1.75,39,91,68,0.10,2.31,5.42,4.05,430,538,44.42,812,1006,44.66,621,746,45.43,37.32,44.98,45.35,30,3,1,1200000,0.014545454545454545
Nolan Patrick,188,1,2,0.00,0,0,0,0.00,0.00,0.00,0.00,,,0.00,,,0.00,,,0.00,0.00,0.00,0.00,22,2,0,1200000,0.014545454545454545
Frédérick Gaudreau,183,1,300,14.28,128,192,157,0.70,6.31,9.47,7.74,555,689,44.61,1021,1330,43.43,758,954,44.28,58.01,68.31,45.92,28,2,1,1200000,0.014545454545454545
Sam Lafferty,185,1,113,10.75,99,158,131,0.66,6.05,9.66,8.01,407,545,42.75,741,1009,42.34,554,743,42.71,37.38,57.90,39.22,27,2,1,1150000,0.013939393939393939
Jakub Zboril,183,0,13,0.62,11,24,15,0.14,2.54,5.54,3.46,121,146,45.32,198,255,43.71,157,193,44.86,10.64,12.38,46.22,25,2,1,1137500,0.013787878787878788
Austin Wagner,185,0,99,0.24,4,6,5,0.55,9.11,13.66,11.39,6,21,22.22,11,33,25.00,8,26,23.53,0.32,1.89,14.48,23,3,0,1133333,0.013737369696969697
Christian Fischer,188,1,32,12.52,118,199,158,0.68,6.39,10.77,8.55,395,719,35.46,748,1298,36.56,555,987,35.99,40.18,76.63,34.40,25,1,0,1125875,0.013646969696969697
Ross Colton,183,0,118,16.96,143,251,202,1.08,9.14,16.04,12.91,492,432,53.25,989,767,56.32,720,584,55.21,46.59,38.57,54.71,24,2,0,1125000,0.013636363636363636
Jonas Siegenthaler,191,0,57,3.10,82,184,134,0.12,3.20,7.19,5.24,817,786,50.97,1511,1549,49.38,1140,1139,50.02,75.81,77.43,49.47,24,2,0,1125000,0.013636363636363636
Rem Pitlick,180,0,76,4.34,28,48,44,0.50,3.23,5.54,5.08,210,300,41.18,395,566,41.10,294,431,40.54,20.62,33.75,37.93,25,2,1,1100000,0.013333333333333334
Marcus Johansson,185,0,24,13.41,126,215,160,0.66,6.18,10.55,7.85,727,595,54.99,1353,1077,55.68,992,816,54.87,76.06,56.44,57.40,31,1,1,1100000,0.013333333333333334
Nick Cousins,180,0,68,9.83,97,168,129,0.71,6.99,12.10,9.28,468,446,51.20,851,805,51.39,636,605,51.25,41.72,40.22,50.91,28,2,1,1100000,0.013333333333333334
Brendan Smith,188,0,27,3.26,54,120,76,0.22,3.64,8.08,5.12,458,431,51.52,840,846,49.82,631,607,50.97,45.80,45.89,49.95,33,2,1,1100000,0.013333333333333334
Ross Johnston,196,0,300,0.34,2,7,5,0.16,0.96,3.37,2.40,31,65,32.29,75,130,36.59,51,94,35.17,2.93,4.91,37.36,28,4,1,1100000,0.013333333333333334
Jake Walman,185,0,82,6.55,126,234,165,0.35,6.72,12.48,8.80,517,541,48.87,965,1087,47.03,723,784,47.98,53.44,56.92,48.42,26,1,0,1050000,0.012727272727272728
Steven Lorentz,191,0,186,11.55,97,168,133,0.82,6.87,11.90,9.42,347,452,43.43,676,869,43.75,495,648,43.31,33.54,42.21,44.28,26,2,0,1050000,0.012727272727272728
Logan O'Connor,183,1,300,11.61,95,184,142,0.65,5.29,10.25,7.91,448,564,44.27,821,1030,44.35,605,759,44.35,36.00,51.89,40.96,25,3,0,1050000,0.012727272727272728
Joel Kiviranta,178,0,300,10.34,80,134,104,0.79,6.09,10.19,7.91,330,377,46.68,644,748,46.26,455,557,44.96,28.41,40.59,41.17,25,2,0,1050000,0.012727272727272728
Trent Frederic,188,0,29,12.13,111,175,149,0.84,7.65,12.05,10.26,423,417,50.36,767,814,48.51,578,584,49.74,40.49,34.29,54.15,23,2,0,1050000,0.012727272727272728
Michael Anderson,180,0,103,4.26,88,181,128,0.16,3.24,6.67,4.72,746,797,48.35,1326,1530,46.43,1014,1126,47.38,70.81,83.60,45.86,23,1,0,1000000,0.012121212121212121
Danton Heinen,185,0,116,10.13,87,147,111,0.93,8.01,13.54,10.22,339,306,52.56,652,594,52.33,462,441,51.16,33.90,27.00,55.67,26,1,1,1000000,0.012121212121212121
Nicolas Aubé-Kubel,180,1,48,6.95,64,124,96,0.77,7.06,13.67,10.58,271,217,55.53,513,463,52.56,374,335,52.75,23.31,21.07,52.52,26,1,1,1000000,0.012121212121212121
Curtis Lazar,183,1,17,6.27,55,85,69,0.66,5.75,8.88,7.21,243,303,44.51,409,609,40.18,310,436,41.55,21.40,32.43,39.75,27,3,1,1000000,0.012121212121212121
Patrick Maroon,188,0,161,9.05,61,118,95,0.69,4.67,9.02,7.27,358,373,48.97,740,686,51.89,557,520,51.72,32.74,33.84,49.17,34,2,1,1000000,0.012121212121212121
Connor Clifton,180,1,133,5.16,89,164,131,0.24,4.07,7.49,5.98,637,689,48.04,1144,1307,46.67,866,980,46.91,56.88,60.71,48.37,25,3,0,1000000,0.012121212121212121
Kurtis MacDermid,196,0,300,1.12,18,44,26,0.21,3.37,8.23,4.86,145,184,44.07,274,328,45.51,196,246,44.34,11.74,13.26,46.96,28,2,1,987500,0.01196969696969697
Justin Danforth,175,1,300,2.06,10,20,17,1.54,7.47,14.94,12.70,47,34,58.02,89,75,54.27,67,54,55.37,5.24,3.12,62.68,29,2,1,975000,0.011818181818181818
Jujhar Khaira,193,0,63,6.97,47,91,71,0.67,4.51,8.74,6.82,242,319,43.14,474,624,43.17,344,441,43.82,25.52,33.68,43.11,26,2,1,975000,0.011818181818181818
Michael McLeod,188,1,12,9.51,83,155,115,0.61,5.29,9.88,7.33,445,489,47.64,867,997,46.51,621,715,46.48,42.55,50.11,45.92,23,2,0,975000,0.011818181818181818
Noah Gregor,183,0,111,11.31,105,179,145,1.04,9.61,16.39,13.28,299,381,43.97,593,749,44.19,450,538,45.55,33.40,37.18,47.33,23,1,0,950000,0.011515151515151515
Nicolas Meloche,191,1,40,0.00,0,0,0,0.00,0.00,0.00,0.00,,,0.00,,,0.00,,,0.00,0.00,0.00,0.00,24,1,1,950000,0.011515151515151515
Dylan Gambrell,183,1,60,4.40,43,83,61,0.40,3.96,7.64,5.61,234,352,39.93,450,705,38.96,332,501,39.86,19.89,36.59,35.22,25,1,0,950000,0.011515151515151515
Dysin Mayo,183,1,133,0.46,7,14,12,0.16,2.39,4.79,4.09,54,93,36.72,97,188,34.04,72,129,35.82,4.08,10.40,28.18,25,3,0,950000,0.011515151515151515
Robert Bortuzzo,193,1,78,1.50,30,59,42,0.17,3.33,6.54,4.66,200,313,38.99,360,610,37.11,276,440,38.54,18.10,33.71,34.94,33,2,1,950000,0.011515151515151515
Michael Bunting,180,0,117,25.31,155,271,229,1.26,7.74,13.54,11.44,715,574,55.47,1339,1098,54.94,1006,809,55.43,80.62,60.95,56.95,25,2,1,950000,0.011515151515151515
Trevor van Riemsdyk,188,1,300,4.03,97,194,127,0.17,4.07,8.14,5.33,670,799,45.61,1278,1532,45.48,939,1134,45.30,65.83,84.38,43.83,29,2,1,950000,0.011515151515151515
Zack MacEwen,191,1,300,7.12,70,133,99,0.68,6.73,12.78,9.51,268,301,47.10,530,603,46.78,375,429,46.64,22.50,29.96,42.89,25,1,0,925000,0.011212121212121211
Slater Koekkoek,188,0,10,0.00,0,0,0,0.00,0.00,0.00,0.00,,,0.00,,,0.00,,,0.00,0.00,0.00,0.00,27,2,1,925000,0.011212121212121211
Connor Mackey,188,0,300,0.88,21,47,34,0.16,3.80,8.49,6.15,161,218,42.48,299,379,44.10,218,301,42.00,14.29,22.01,39.36,24,2,0,912500,0.01106060606060606
Erik Brännström,178,0,15,3.70,68,184,102,0.20,3.73,10.10,5.60,577,509,53.13,1107,987,52.87,809,704,53.47,57.04,54.43,51.17,22,1,0,900000,0.01090909090909091
Emil Bemström,183,1,117,8.65,83,156,118,0.89,8.53,16.05,12.14,330,296,52.72,602,561,51.76,454,413,52.36,29.96,26.72,52.86,23,2,0,900000,0.01090909090909091
Josh Archibald,178,1,174,6.77,66,105,90,0.70,6.86,10.92,9.36,256,313,44.99,462,590,43.92,366,422,46.45,22.59,27.82,44.81,29,1,1,900000,0.01090909090909091
Nick Bjugstad,198,1,19,18.05,133,231,196,0.91,6.69,11.62,9.86,514,699,42.37,961,1311,42.30,719,999,41.85,51.86,75.58,40.69,29,1,1,900000,0.01090909090909091
Mark Borowiecki,188,0,139,0.08,1,7,4,0.12,1.51,10.58,6.05,21,30,41.18,36,45,44.44,26,40,39.39,1.58,2.77,36.32,32,1,1,900000,0.01090909090909091
William Borgen,191,1,92,2.24,70,152,103,0.11,3.44,7.47,5.05,544,543,50.05,1024,1121,47.74,762,817,48.26,46.89,56.96,45.15,24,2,0,900000,0.01090909090909091
Logan Stanley,198,0,18,0.51,11,35,21,0.13,2.70,8.59,5.15,100,150,40.00,189,249,43.15,138,198,41.07,10.06,13.48,42.74,23,2,0,900000,0.01090909090909091
Jarred Tinordi,198,0,22,1.17,31,76,51,0.10,2.69,6.60,4.43,226,409,35.59,429,729,37.04,325,535,37.79,20.42,36.26,36.03,29,2,1,900000,0.01090909090909091
Wayne Simmonds,188,1,61,0.60,9,18,13,0.28,4.30,8.63,6.23,45,63,41.67,100,120,45.45,71,87,44.94,4.05,5.66,41.71,32,2,1,900000,0.01090909090909091
Vitali Kravtsov,191,0,9,5.33,39,79,60,0.70,5.09,10.31,7.83,216,207,51.06,413,384,51.82,304,290,51.18,19.07,17.44,52.25,22,1,0,875000,0.010606060606060607
Nathan Beaulieu,188,0,17,1.21,31,73,45,0.10,2.57,6.05,3.73,276,529,34.29,501,956,34.39,374,750,33.27,22.87,52.84,30.21,29,1,1,850000,0.010303030303030303
Calvin De Haan,185,0,12,2.97,51,153,102,0.25,4.26,12.80,8.52,369,274,57.39,740,512,59.11,559,381,59.47,35.90,26.14,57.87,31,1,1,850000,0.010303030303030303
Urho Vaakanainen,188,0,18,0.93,27,58,40,0.15,4.28,9.19,6.34,173,235,42.40,318,416,43.32,236,320,42.45,13.90,22.66,38.02,23,2,0,850000,0.010303030303030303
Jansen Harkins,185,0,47,2.25,18,40,25,0.56,4.54,10.08,6.30,122,100,54.95,224,190,54.11,162,134,54.73,11.32,7.10,61.45,25,2,0,850000,0.010303030303030303
Zachary Sanford,193,0,61,1.55,14,32,23,0.67,6.08,13.89,9.98,64,63,50.39,137,131,51.12,95,89,51.63,5.78,6.06,48.82,27,1,1,850000,0.010303030303030303
Mark Pysyk,185,1,23,0.00,0,0,0,0.00,0.00,0.00,0.00,,,0.00,,,0.00,,,0.00,0.00,0.00,0.00,30,1,1,850000,0.010303030303030303
Jack Rathbone,180,0,95,0.56,12,27,16,0.24,5.09,11.48,6.80,59,75,44.03,125,147,45.96,86,110,43.88,7.01,7.42,48.58,23,2,0,850000,0.010303030303030303
Sam Carrick,183,1,144,4.23,49,84,68,0.48,5.55,9.52,7.71,226,399,36.15,409,681,37.52,293,529,35.64,15.26,37.04,29.17,30,2,1,850000,0.010303030303030303
Nikolai Knyzhov,188,0,300,0.28,7,14,9,0.12,2.85,5.71,3.67,65,94,40.88,130,161,44.67,92,126,42.20,5.76,9.77,37.07,24,1,0,850000,0.010303030303030303
Ben Hutton,188,0,147,2.41,46,82,58,0.37,7.12,12.69,8.98,225,175,56.25,398,349,53.28,307,249,55.22,20.37,14.09,59.11,29,2,1,850000,0.010303030303030303
Conor Timmins,188,1,32,0.72,18,51,26,0.11,2.76,7.82,3.99,200,168,54.35,382,297,56.26,284,217,56.69,19.39,15.69,55.27,22,2,0,850000,0.010303030303030303
Cal Foote,191,1,14,1.39,36,76,54,0.13,3.39,7.16,5.09,268,342,43.93,533,629,45.87,386,476,44.78,24.43,34.83,41.23,22,2,0,850000,0.010303030303030303
Luke Schenn,188,1,5,2.27,75,165,107,0.13,4.21,9.26,6.00,463,626,42.52,846,1185,41.65,630,894,41.34,43.96,64.00,40.72,31,2,1,850000,0.010303030303030303
Zach Bogosian,191,1,3,1.82,51,113,70,0.17,4.76,10.56,6.54,319,367,46.50,646,650,49.85,479,491,49.38,30.81,32.85,48.40,30,3,1,850000,0.010303030303030303
Gustav Lindström,188,1,38,1.11,18,49,30,0.15,2.36,6.42,3.93,194,234,45.33,375,429,46.64,270,324,45.45,16.27,21.88,42.65,22,2,0,850000,0.010303030303030303
Matt Nieto,180,0,47,12.99,107,164,138,0.76,6.30,9.65,8.11,450,547,45.14,845,1086,43.76,615,789,43.80,42.89,56.96,42.95,28,2,1,850000,0.010303030303030303
Devin Shore,185,0,61,3.59,30,57,44,0.53,4.38,8.34,6.44,182,208,46.67,355,394,47.40,254,287,46.95,16.89,18.45,47.81,26,2,0,850000,0.010303030303030303
Zach Aston-Reese,183,0,300,9.30,82,154,128,0.72,6.37,11.97,9.94,332,363,47.77,593,737,44.59,465,523,47.06,31.38,32.28,49.29,27,1,1,840630,0.010189454545454545
Sam Steel,180,0,30,9.88,79,139,112,0.65,5.23,9.19,7.41,464,432,51.79,860,787,52.22,652,595,52.29,48.12,43.18,52.71,24,1,1,825000,0.01
Gabriel Vilardi,188,1,11,17.85,122,207,161,1.09,7.45,12.63,9.83,580,333,63.53,1086,728,59.87,803,517,60.83,60.27,33.38,64.36,22,1,0,825000,0.01
Nick Blankenburg,175,1,300,3.31,50,104,71,0.28,4.34,9.03,6.17,366,402,47.66,665,736,47.47,502,551,47.67,35.22,37.45,48.47,24,2,0,825000,0.01
Dakota Joshua,188,0,128,12.66,67,102,86,0.91,4.82,7.34,6.19,342,435,44.02,609,821,42.59,468,612,43.33,35.40,44.65,44.23,26,2,1,825000,0.01
Pierre-Olivier Joseph,188,0,23,3.82,102,210,131,0.21,5.72,11.78,7.35,651,555,53.98,1162,962,54.71,871,750,53.73,66.09,52.91,55.54,22,2,0,825000,0.01
Karson Kuhlman,180,1,300,6.63,48,111,76,0.74,5.33,12.33,8.44,221,269,45.10,443,521,45.95,332,382,46.50,25.22,27.61,47.74,26,1,0,825000,0.01
Sebastian Aho,178,0,139,3.59,84,174,125,0.19,4.49,9.31,6.69,562,528,51.56,1123,1047,51.75,808,766,51.33,55.32,50.67,52.19,26,2,1,825000,0.01
Rasmus Asplund,180,0,33,4.75,45,65,58,0.66,6.23,8.99,8.02,198,263,42.95,350,463,43.05,272,358,43.17,18.18,25.76,41.37,23,2,0,825000,0.01
Nathan Bastian,193,1,41,10.16,59,95,83,1.25,7.25,11.67,10.19,271,209,56.46,512,459,52.73,378,319,54.23,28.46,19.44,59.42,23,2,0,825000,0.01
Robert Hägg,188,0,41,1.94,37,74,59,0.21,4.09,8.18,6.53,214,276,43.67,399,563,41.48,306,401,43.28,20.82,25.81,44.65,27,1,1,800000,0.009696969696969697
Morgan Frost,180,0,27,16.96,142,253,188,0.84,7.01,12.49,9.27,637,558,53.31,1191,1085,52.33,872,784,52.66,63.15,58.67,51.84,23,1,0,800000,0.009696969696969697
Erik Gustafsson,183,0,93,6.94,121,267,186,0.31,5.32,11.74,8.18,791,633,55.55,1551,1182,56.75,1113,890,55.57,79.48,66.97,54.27,30,1,1,800000,0.009696969696969697
Libor Hájek,188,0,37,0.24,13,25,15,0.07,3.68,7.07,4.24,88,107,45.13,162,222,42.19,116,150,43.61,6.72,8.30,44.74,24,1,0,800000,0.009696969696969697
Robin Salo,183,0,46,0.25,9,19,10,0.12,4.38,9.27,4.88,55,62,47.01,107,144,42.63,79,96,45.14,5.89,6.55,47.35,23,2,0,800000,0.009696969696969697
Julien Gauthier,193,1,21,5.76,52,93,72,0.73,6.61,11.83,9.16,199,236,45.75,401,468,46.14,286,337,45.91,17.86,21.85,44.98,24,1,0,800000,0.009696969696969697
Connor Dewar,178,0,92,8.90,80,155,115,0.66,5.95,11.52,8.55,315,440,41.72,606,833,42.11,457,595,43.44,27.51,39.39,41.12,23,2,0,800000,0.009696969696969697
Reese Johnson,185,1,300,5.43,43,72,59,0.59,4.70,7.86,6.44,170,313,35.20,339,592,36.40,250,430,36.76,13.95,29.76,31.91,23,2,0,800000,0.009696969696969697
Oskar Steen,175,1,165,0.67,4,4,4,2.14,12.78,12.78,12.78,15,8,65.22,19,14,57.58,16,11,59.26,1.53,0.69,68.92,24,2,0,800000,0.009696969696969697
Joe Snively,175,0,300,1.29,13,19,17,0.73,7.37,10.77,9.63,61,56,52.14,109,109,50.00,76,78,49.35,5.01,4.51,52.68,26,2,1,800000,0.009696969696969697
Chad Ruhwedel,180,1,300,1.54,36,95,59,0.14,3.24,8.55,5.31,352,378,48.22,616,686,47.31,465,504,47.99,32.53,38.00,46.12,32,2,1,800000,0.009696969696969697
Ryan Lomberg,175,0,300,12.95,124,201,175,0.91,8.71,14.11,12.29,507,472,51.79,937,848,52.49,702,652,51.85,43.47,44.57,49.38,27,2,1,800000,0.009696969696969697
Mackenzie Entwistle,191,1,69,5.38,43,97,75,0.46,3.64,8.22,6.36,269,353,43.25,534,634,45.72,382,478,44.42,24.74,30.21,45.02,22,2,0,800000,0.009696969696969697
Mike Hardman,188,0,300,1.04,7,12,12,0.77,5.16,8.85,8.85,29,35,45.31,55,77,41.67,46,54,46.00,2.29,3.08,42.64,23,2,0,800000,0.009696969696969697
Tanner Jeannot,188,0,300,13.81,104,184,150,0.78,5.86,10.37,8.46,472,662,41.62,895,1202,42.68,664,903,42.37,46.57,69.98,39.96,24,2,0,800000,0.009696969696969697
Ryan McLeod,191,0,40,9.97,73,134,103,0.77,5.62,10.32,7.94,376,385,49.41,706,678,51.01,526,528,49.91,38.17,34.96,52.19,22,1,0,798000,0.009672727272727272
Andrew Peeke,191,1,34,2.44,83,167,115,0.09,3.16,6.35,4.37,629,986,38.95,1205,1947,38.22,895,1434,38.43,57.89,104.84,35.57,23,2,0,787500,0.009545454545454546
Brett Leason,193,1,56,6.23,49,98,76,0.64,5.07,10.14,7.86,220,384,36.42,438,689,38.86,321,545,37.07,20.25,36.29,35.82,23,2,0,775000,0.009393939393939394
Nick Seeler,188,0,131,2.92,80,153,100,0.17,4.55,8.71,5.69,520,484,51.79,909,1072,45.89,700,712,49.58,41.57,45.37,47.81,29,2,1,775000,0.009393939393939394
Mark Friedman,180,1,86,1.53,30,58,45,0.32,6.26,12.10,9.39,153,146,51.17,281,278,50.27,214,202,51.44,13.89,15.42,47.39,26,2,1,775000,0.009393939393939394
Liam O'Brien,185,0,300,3.86,33,67,49,0.39,3.37,6.84,5.00,176,325,35.13,356,622,36.40,259,445,36.79,17.23,28.20,37.94,27,2,1,775000,0.009393939393939394
Dmitri Samorukov,188,0,84,0.00,0,0,0,0.00,0.00,0.00,0.00,,,0.00,,,0.00,,,0.00,0.00,0.00,0.00,23,1,0,775000,0.009393939393939394
Jake Leschyshyn,180,0,62,3.81,31,46,36,0.72,5.82,8.64,6.76,119,168,41.46,223,325,40.69,166,238,41.09,10.48,14.53,41.90,23,3,0,766667,0.009292933333333333
Glenn Gawdin,185,1,116,0.20,3,4,4,0.42,6.25,8.34,8.34,12,13,48.00,22,25,46.81,19,17,52.78,1.03,0.77,57.22,25,2,1,762500,0.009242424242424243
Haydn Fleury,191,0,7,0.97,27,62,44,0.17,4.76,10.96,7.78,125,185,40.32,260,334,43.77,192,258,42.67,11.33,15.44,42.32,25,2,1,762500,0.009242424242424243
Dennis Gilbert,188,0,91,0.36,13,36,22,0.08,2.89,8.00,4.88,140,111,55.78,280,221,55.89,203,159,56.08,13.38,10.62,55.75,25,2,1,762500,0.009242424242424243
Andrew Poturalski,178,1,300,0.00,0,0,0,0.00,0.00,0.00,0.00,,,0.00,,,0.00,,,0.00,0.00,0.00,0.00,28,2,1,762500,0.009242424242424243
AJ Greer,191,0,39,8.07,61,101,80,0.96,7.24,11.98,9.49,211,226,48.28,376,434,46.42,291,305,48.83,22.89,17.37,56.86,25,2,1,762500,0.009242424242424243
Chris Wideman,178,1,100,0.77,28,63,41,0.08,3.09,6.95,4.51,273,298,47.81,516,527,49.47,370,396,48.30,24.99,27.93,47.22,32,2,1,762500,0.009242424242424243
Jaycob Megna,198,0,210,2.18,52,117,72,0.13,3.18,7.16,4.40,488,478,50.52,927,891,50.99,671,655,50.60,45.00,49.17,47.79,29,2,1,762500,0.009242424242424243
Kyle Clifford,188,0,35,0.28,2,5,3,1.06,7.59,18.96,11.38,8,9,47.06,18,16,52.94,12,11,52.17,0.64,0.95,40.25,31,2,1,762500,0.009242424242424243
Michael Amadio,185,1,90,10.34,94,144,120,0.82,7.44,11.39,9.49,397,359,52.51,781,705,52.56,558,499,52.79,37.56,30.67,55.05,26,2,0,762500,0.009242424242424243
Dylan Coghlan,188,1,300,1.66,29,66,44,0.46,8.05,18.30,12.21,128,76,62.75,278,132,67.80,206,99,67.54,14.23,7.27,66.19,23,2,0,762500,0.009242424242424243
Dryden Hunt,183,0,300,2.78,23,42,33,0.56,4.62,8.44,6.63,125,137,47.71,242,237,50.52,173,178,49.29,9.01,10.84,45.39,25,2,1,762500,0.009242424242424243
Brady Keeper,188,1,300,0.00,0,0,0,0.00,0.00,0.00,0.00,,,0.00,,,0.00,,,0.00,0.00,0.00,0.00,25,2,1,762500,0.009242424242424243
Boris Katchouk,185,0,44,6.34,55,119,87,0.64,5.51,11.93,8.72,253,329,43.47,503,602,45.52,373,445,45.60,22.35,31.87,41.22,23,3,0,758333,0.009191915151515151
Taylor Raddysh,188,1,58,17.80,123,210,169,0.85,5.85,9.99,8.03,691,566,54.97,1261,1088,53.68,933,817,53.31,71.66,69.48,50.77,23,3,0,758333,0.009191915151515151
Alex Barré-Boulet,175,0,300,0.18,1,2,1,1.08,5.99,11.98,5.99,2,3,40.00,8,9,47.06,4,5,44.44,0.46,0.25,64.79,24,3,0,758333,0.009191915151515151
Tyler Pitlick,188,1,31,4.41,49,88,71,0.47,5.17,9.27,7.49,232,267,46.49,421,555,43.14,316,398,44.26,18.48,25.42,42.11,30,1,1,750000,0.00909090909090909
Sonny Milano,183,0,16,10.71,76,134,116,0.84,5.94,10.47,9.06,375,381,49.60,746,662,52.98,547,524,51.07,38.26,33.35,53.43,26,1,1,750000,0.00909090909090909
Derek Stepan,183,1,51,8.50,95,174,141,0.80,8.99,16.46,13.34,384,261,59.53,762,478,61.45,582,366,61.39,35.90,25.15,58.80,32,1,1,750000,0.00909090909090909
Derick Brassard,185,0,6,10.72,92,139,117,0.85,7.31,11.04,9.30,427,337,55.89,799,619,56.35,592,456,56.49,44.48,32.85,57.52,34,1,1,750000,0.00909090909090909
Jimmy Vesey,191,0,66,15.74,119,199,156,0.91,6.91,11.55,9.06,512,539,48.72,930,993,48.36,708,722,49.51,52.37,50.22,51.05,29,1,1,750000,0.00909090909090909
Brett Ritchie,193,1,44,4.84,63,99,80,0.64,8.36,13.13,10.61,236,201,54.00,426,389,52.27,324,287,53.03,18.30,19.88,47.93,28,1,1,750000,0.00909090909090909
Nikita Soshnikov,180,0,300,0.56,4,9,8,1.14,8.05,18.11,16.10,14,13,51.85,31,21,59.62,25,17,59.52,1.39,1.07,56.50,28,1,1,750000,0.00909090909090909
Ryan Murray,185,0,2,0.57,8,17,12,0.20,2.81,5.98,4.22,74,87,45.96,140,154,47.62,103,111,48.13,6.54,7.73,45.83,28,1,1,750000,0.00909090909090909
Sam Gagner,180,1,6,7.72,78,125,104,0.79,8.01,12.84,10.68,321,257,55.54,627,481,56.59,471,372,55.87,29.29,23.05,55.96,32,1,1,750000,0.00909090909090909
Philipp Kurashev,183,0,120,13.61,116,209,157,0.67,5.71,10.29,7.73,550,701,43.96,1042,1267,45.13,770,987,43.82,59.06,80.14,42.43,22,1,0,750000,0.00909090909090909
Klim Kostin,191,0,31,5.96,52,97,71,0.68,5.93,11.06,8.10,238,250,48.77,448,450,49.89,321,337,48.78,20.88,21.43,49.35,23,1,0,750000,0.00909090909090909
Michal Kempný,185,0,300,0.00,0,0,0,0.00,0.00,0.00,0.00,,,0.00,,,0.00,,,0.00,0.00,0.00,0.00,31,1,1,750000,0.00909090909090909
Scott Perunovich,175,0,45,0.00,0,0,0,0.00,0.00,0.00,0.00,,,0.00,,,0.00,,,0.00,0.00,0.00,0.00,23,1,0,750000,0.00909090909090909
Victor Mete,175,0,100,0.28,7,16,8,0.12,2.92,6.68,3.34,60,82,42.25,116,150,43.61,79,109,42.02,4.63,8.11,36.36,24,1,1,750000,0.00909090909090909
Jordie Benn,188,0,300,1.07,13,30,19,0.34,4.11,9.49,6.01,85,109,43.81,165,221,42.75,125,159,44.01,7.54,10.37,42.10,34,1,1,750000,0.00909090909090909
Sakari Manninen,173,0,300,0.00,0,0,0,0.00,0.00,0.00,0.00,,,0.00,,,0.00,,,0.00,0.00,0.00,0.00,30,1,1,750000,0.00909090909090909
Kiefer Sherwood,183,1,300,5.38,45,80,58,0.98,8.23,14.62,10.60,165,163,50.30,324,291,52.68,232,218,51.56,17.09,15.62,52.25,27,1,1,750000,0.00909090909090909
Josh Leivo,188,1,86,8.88,89,161,124,0.89,8.96,16.20,12.48,294,274,51.76,530,471,52.95,390,362,51.86,26.63,21.42,55.42,29,1,1,750000,0.00909090909090909
R?dolfs Balcers,180,0,142,2.98,24,38,28,1.03,8.30,13.14,9.68,110,79,58.20,192,137,58.36,141,104,57.55,10.42,7.36,58.61,25,1,1,750000,0.00909090909090909
Ryan Carpenter,183,1,300,2.17,17,30,25,0.65,5.07,8.94,7.45,78,100,43.82,143,190,42.94,105,142,42.51,6.56,9.19,41.62,31,1,1,750000,0.00909090909090909
Denis Malgin,175,1,102,9.11,99,177,134,0.86,9.38,16.76,12.69,354,260,57.65,632,510,55.34,473,367,56.31,29.50,22.77,56.44,25,1,0,750000,0.00909090909090909
Adam Gaudette,185,1,149,0.00,0,0,0,0.00,0.00,0.00,0.00,,,0.00,,,0.00,,,0.00,0.00,0.00,0.00,25,1,1,750000,0.00909090909090909
Michael Pezzetta,185,0,160,6.84,62,104,79,0.77,6.97,11.69,8.88,221,280,44.11,399,562,41.52,289,382,43.07,19.70,25.63,43.46,24,1,0,750000,0.00909090909090909
Lias Andersson,185,0,7,0.08,1,3,2,0.56,6.96,20.88,13.92,3,7,30.00,8,16,33.33,5,12,29.41,0.21,1.00,17.36,23,1,0,750000,0.00909090909090909
Fredrik Olofsson,188,0,98,3.75,31,52,40,0.87,7.17,12.02,9.25,128,92,58.18,250,211,54.23,175,147,54.35,10.07,8.47,54.31,26,1,1,750000,0.00909090909090909
Gustav Rydahl,191,0,300,0.00,0,0,0,0.00,0.00,0.00,0.00,,,0.00,,,0.00,,,0.00,0.00,0.00,0.00,27,1,1,750000,0.00909090909090909
Drew O'Connor,191,0,300,6.49,59,116,87,0.94,8.52,16.75,12.56,214,216,49.77,412,391,51.31,303,288,51.27,19.13,19.52,49.50,24,1,0,750000,0.00909090909090909
Logan Brown,198,0,11,1.22,16,30,21,0.25,3.31,6.21,4.34,117,135,46.43,214,258,45.34,157,189,45.38,8.75,11.11,44.06,24,1,0,750000,0.00909090909090909
Givani Smith,188,0,46,2.94,29,58,42,0.80,7.86,15.73,11.39,120,110,52.17,225,205,52.33,162,150,51.92,8.63,9.59,47.37,23,2,0,750000,0.00909090909090909
Ryan Poehling,188,0,25,7.64,57,97,82,0.83,6.23,10.60,8.96,243,340,41.68,452,628,41.85,337,458,42.39,23.17,31.36,42.49,22,2,0,750000,0.00909090909090909
Connor Bunnaman,185,0,109,0.00,0,0,0,0.00,0.00,0.00,0.00,,,0.00,,,0.00,,,0.00,0.00,0.00,0.00,23,2,0,750000,0.00909090909090909
Josh Mahura,183,0,85,3.50,76,189,115,0.19,4.20,10.45,6.36,646,505,56.13,1221,952,56.19,898,711,55.81,60.03,44.93,57.19,23,2,0,750000,0.00909090909090909
Radim Zohorna,198,0,300,0.75,9,13,11,0.53,6.32,9.11,7.72,47,44,51.65,82,69,54.30,61,53,53.51,3.38,3.66,48.01,25,2,0,750000,0.00909090909090909
Brandon Duhaime,188,0,106,8.22,66,114,93,1.05,8.40,14.51,11.84,216,236,47.79,399,488,44.98,298,339,46.78,20.90,22.93,47.68,24,2,0,750000,0.00909090909090909
Mathieu Olivier,188,1,300,8.78,75,139,108,0.69,5.86,10.87,8.44,338,486,41.02,619,899,40.78,468,658,41.56,32.04,41.55,43.54,24,2,0,750000,0.00909090909090909
Gavin Bayreuther,185,0,300,1.46,54,105,66,0.12,4.58,8.91,5.60,324,422,43.43,639,797,44.50,463,585,44.18,30.22,40.61,42.67,27,2,1,750000,0.00909090909090909
Patrick Brown,180,1,300,4.11,52,105,83,0.39,4.98,10.05,7.94,243,298,44.92,468,645,42.05,360,433,45.40,19.70,31.11,38.77,29,2,1,750000,0.00909090909090909
Justin Dowling,178,0,300,0.00,0,0,0,0.00,0.00,0.00,0.00,,,0.00,,,0.00,,,0.00,0.00,0.00,0.00,30,2,1,750000,0.00909090909090909
Lane Pederson,183,1,300,4.18,27,45,36,0.78,5.03,8.38,6.71,168,172,49.41,301,325,48.08,223,241,48.06,16.32,16.01,50.48,23,2,0,750000,0.00909090909090909
Dominic Toninato,188,0,126,0.42,5,5,5,0.89,10.65,10.65,10.65,19,19,50.00,23,27,46.00,20,24,45.45,1.12,1.53,42.48,27,2,1,750000,0.00909090909090909
Rhett Gardner,191,0,116,0.00,0,0,0,0.00,0.00,0.00,0.00,,,0.00,,,0.00,,,0.00,0.00,0.00,0.00,25,2,0,750000,0.00909090909090909
Garrett Pilon,178,1,87,0.00,0,0,0,0.00,0.00,0.00,0.00,,,0.00,,,0.00,,,0.00,0.00,0.00,0.00,23,2,0,750000,0.00909090909090909
Bobby Nardella,175,0,300,0.00,0,0,0,0.00,0.00,0.00,0.00,,,0.00,,,0.00,,,0.00,0.00,0.00,0.00,25,2,0,750000,0.00909090909090909
Joel Hanley,180,0,300,0.52,14,31,23,0.10,2.78,6.15,4.55,129,111,53.75,244,225,52.03,182,165,52.45,11.46,8.68,56.90,30,2,1,750000,0.00909090909090909
Joey Anderson,180,1,73,3.13,33,72,56,0.52,5.52,12.05,9.38,154,173,47.09,312,311,50.08,241,224,51.83,13.30,16.73,44.29,22,3,0,750000,0.00909090909090909
